--
-- PostgreSQL database dump
--

\restrict Nj63PYlomtL761evz7NPg9idMIanuzm4vOGttKnnzwa5kRpCtf173rIHcPwhmM3

-- Dumped from database version 16.13 (Ubuntu 16.13-0ubuntu0.24.04.1)
-- Dumped by pg_dump version 16.13 (Ubuntu 16.13-0ubuntu0.24.04.1)

SET statement_timeout = 0;
SET lock_timeout = 0;
SET idle_in_transaction_session_timeout = 0;
SET client_encoding = 'UTF8';
SET standard_conforming_strings = on;
SELECT pg_catalog.set_config('search_path', '', false);
SET check_function_bodies = false;
SET xmloption = content;
SET client_min_messages = warning;
SET row_security = off;

--
-- Name: estado_cargo; Type: TYPE; Schema: public; Owner: postgres
--

CREATE TYPE public.estado_cargo AS ENUM (
    'PENDIENTE',
    'PARCIAL',
    'PAGADO',
    'VENCIDO',
    'ANULADO'
);


ALTER TYPE public.estado_cargo OWNER TO postgres;

--
-- Name: estado_matricula; Type: TYPE; Schema: public; Owner: postgres
--

CREATE TYPE public.estado_matricula AS ENUM (
    'ACTIVA',
    'RETIRADO',
    'GRADUADO',
    'TRASLADADO'
);


ALTER TYPE public.estado_matricula OWNER TO postgres;

--
-- Name: genero; Type: TYPE; Schema: public; Owner: postgres
--

CREATE TYPE public.genero AS ENUM (
    'M',
    'F',
    'OTRO'
);


ALTER TYPE public.genero OWNER TO postgres;

--
-- Name: metodo_pago; Type: TYPE; Schema: public; Owner: postgres
--

CREATE TYPE public.metodo_pago AS ENUM (
    'EFECTIVO',
    'TRANSFERENCIA',
    'SINPE_MOVIL',
    'TARJETA',
    'CHEQUE'
);


ALTER TYPE public.metodo_pago OWNER TO postgres;

--
-- Name: parentesco; Type: TYPE; Schema: public; Owner: postgres
--

CREATE TYPE public.parentesco AS ENUM (
    'MADRE',
    'PADRE',
    'TUTOR',
    'OTRO'
);


ALTER TYPE public.parentesco OWNER TO postgres;

--
-- Name: rol_usuario; Type: TYPE; Schema: public; Owner: postgres
--

CREATE TYPE public.rol_usuario AS ENUM (
    'ADMIN',
    'PROFESOR',
    'PADRE'
);


ALTER TYPE public.rol_usuario OWNER TO postgres;

--
-- Name: tipo_cargo; Type: TYPE; Schema: public; Owner: postgres
--

CREATE TYPE public.tipo_cargo AS ENUM (
    'MATRICULA',
    'MENSUALIDAD',
    'MATERIAL',
    'OTRO'
);


ALTER TYPE public.tipo_cargo OWNER TO postgres;

SET default_tablespace = '';

SET default_table_access_method = heap;

--
-- Name: alembic_version; Type: TABLE; Schema: public; Owner: postgres
--

CREATE TABLE public.alembic_version (
    version_num character varying(32) NOT NULL
);


ALTER TABLE public.alembic_version OWNER TO postgres;

--
-- Name: anios_escolares; Type: TABLE; Schema: public; Owner: postgres
--

CREATE TABLE public.anios_escolares (
    id uuid NOT NULL,
    nombre character varying(20) NOT NULL,
    fecha_inicio date NOT NULL,
    fecha_fin date NOT NULL,
    activo boolean NOT NULL
);


ALTER TABLE public.anios_escolares OWNER TO postgres;

--
-- Name: cargos; Type: TABLE; Schema: public; Owner: postgres
--

CREATE TABLE public.cargos (
    id uuid NOT NULL,
    estudiante_id uuid NOT NULL,
    anio_escolar_id uuid NOT NULL,
    tipo public.tipo_cargo NOT NULL,
    descripcion character varying(200) NOT NULL,
    monto numeric(10,2) NOT NULL,
    mes_correspondiente integer,
    fecha_emision date NOT NULL,
    fecha_vencimiento date NOT NULL,
    estado public.estado_cargo NOT NULL
);


ALTER TABLE public.cargos OWNER TO postgres;

--
-- Name: estudiantes; Type: TABLE; Schema: public; Owner: postgres
--

CREATE TABLE public.estudiantes (
    id uuid NOT NULL,
    nombre_completo character varying(150) NOT NULL,
    identificacion character varying(30),
    fecha_nacimiento date NOT NULL,
    genero public.genero,
    activo boolean NOT NULL
);


ALTER TABLE public.estudiantes OWNER TO postgres;

--
-- Name: estudiantes_acudientes; Type: TABLE; Schema: public; Owner: postgres
--

CREATE TABLE public.estudiantes_acudientes (
    id uuid NOT NULL,
    estudiante_id uuid NOT NULL,
    acudiente_id uuid NOT NULL,
    parentesco public.parentesco NOT NULL,
    es_contacto_principal boolean NOT NULL
);


ALTER TABLE public.estudiantes_acudientes OWNER TO postgres;

--
-- Name: grupos; Type: TABLE; Schema: public; Owner: postgres
--

CREATE TABLE public.grupos (
    id uuid NOT NULL,
    nombre character varying(50) NOT NULL,
    nivel character varying(50) NOT NULL,
    anio_escolar_id uuid NOT NULL,
    profesor_guia_id uuid,
    capacidad_maxima integer,
    activo boolean NOT NULL
);


ALTER TABLE public.grupos OWNER TO postgres;

--
-- Name: matriculas; Type: TABLE; Schema: public; Owner: postgres
--

CREATE TABLE public.matriculas (
    id uuid NOT NULL,
    estudiante_id uuid NOT NULL,
    grupo_id uuid NOT NULL,
    anio_escolar_id uuid NOT NULL,
    fecha_matricula date NOT NULL,
    estado public.estado_matricula NOT NULL
);


ALTER TABLE public.matriculas OWNER TO postgres;

--
-- Name: pagos; Type: TABLE; Schema: public; Owner: postgres
--

CREATE TABLE public.pagos (
    id uuid NOT NULL,
    cargo_id uuid NOT NULL,
    monto numeric(10,2) NOT NULL,
    fecha_pago date NOT NULL,
    metodo_pago public.metodo_pago NOT NULL,
    numero_recibo character varying(30) NOT NULL,
    registrado_por_id uuid NOT NULL,
    observaciones character varying(255)
);


ALTER TABLE public.pagos OWNER TO postgres;

--
-- Name: usuarios; Type: TABLE; Schema: public; Owner: postgres
--

CREATE TABLE public.usuarios (
    id uuid NOT NULL,
    nombre_completo character varying(150) NOT NULL,
    email character varying(150) NOT NULL,
    password_hash character varying(255) NOT NULL,
    rol public.rol_usuario NOT NULL,
    telefono character varying(20),
    activo boolean NOT NULL,
    created_at timestamp with time zone NOT NULL,
    identificacion character varying(30),
    asignatura character varying(100)
);


ALTER TABLE public.usuarios OWNER TO postgres;

--
-- Data for Name: alembic_version; Type: TABLE DATA; Schema: public; Owner: postgres
--

COPY public.alembic_version (version_num) FROM stdin;
b92642b97c68
\.


--
-- Data for Name: anios_escolares; Type: TABLE DATA; Schema: public; Owner: postgres
--

COPY public.anios_escolares (id, nombre, fecha_inicio, fecha_fin, activo) FROM stdin;
be43b0d5-0add-4c40-a768-c25b14bda695	2026	2026-01-01	2026-12-31	t
\.


--
-- Data for Name: cargos; Type: TABLE DATA; Schema: public; Owner: postgres
--

COPY public.cargos (id, estudiante_id, anio_escolar_id, tipo, descripcion, monto, mes_correspondiente, fecha_emision, fecha_vencimiento, estado) FROM stdin;
1fea1e70-7576-47f7-9eb5-5af6ab52446b	b08acf37-3ba1-4770-b6a0-64bc3ac6312d	be43b0d5-0add-4c40-a768-c25b14bda695	MENSUALIDAD	Mensualidad 02/2026	130000.00	2	2026-01-31	2026-02-28	PENDIENTE
c34b3611-0a4a-400e-9c79-4ddc489ada23	b08acf37-3ba1-4770-b6a0-64bc3ac6312d	be43b0d5-0add-4c40-a768-c25b14bda695	MENSUALIDAD	Mensualidad 03/2026	130000.00	3	2026-01-31	2026-03-31	PENDIENTE
a642ea26-4e52-4c9f-8cd1-b215023a6a3d	a5fa8d43-75e5-48a6-8d02-302784ebd610	be43b0d5-0add-4c40-a768-c25b14bda695	MENSUALIDAD	Mensualidad 02/2026	130000.00	2	2026-01-31	2026-02-28	PENDIENTE
9d6afdd8-353c-4110-be4c-4821335fcbd6	a5fa8d43-75e5-48a6-8d02-302784ebd610	be43b0d5-0add-4c40-a768-c25b14bda695	MENSUALIDAD	Mensualidad 03/2026	130000.00	3	2026-01-31	2026-03-31	PENDIENTE
98b6c732-5e96-496f-bc65-533147d33d3e	28765223-0886-4530-aa41-5a2cca81bc1b	be43b0d5-0add-4c40-a768-c25b14bda695	MENSUALIDAD	Mensualidad 02/2026	110000.00	2	2026-01-31	2026-02-28	PENDIENTE
003e3b92-e7cc-4ed9-893a-9bc4e001ed74	28765223-0886-4530-aa41-5a2cca81bc1b	be43b0d5-0add-4c40-a768-c25b14bda695	MENSUALIDAD	Mensualidad 03/2026	110000.00	3	2026-01-31	2026-03-31	PENDIENTE
588caac8-e1c9-47c9-9021-d298c6793a76	859ad25b-6627-4d74-b67e-1850b471a623	be43b0d5-0add-4c40-a768-c25b14bda695	MENSUALIDAD	Mensualidad 02/2026	130000.00	2	2026-01-31	2026-02-28	PENDIENTE
47aabfe7-4f91-4ea7-9dc3-34a2409c9028	859ad25b-6627-4d74-b67e-1850b471a623	be43b0d5-0add-4c40-a768-c25b14bda695	MENSUALIDAD	Mensualidad 03/2026	130000.00	3	2026-01-31	2026-03-31	PENDIENTE
ee1e6a1b-f390-455e-a36f-d21154aee927	6e6f5ad4-ada7-4cde-b7e9-6ad203e2376d	be43b0d5-0add-4c40-a768-c25b14bda695	MENSUALIDAD	Mensualidad 02/2026	110000.00	2	2026-01-31	2026-02-28	PENDIENTE
b74f3b56-985b-4cef-92b5-10bc7798f0bc	6e6f5ad4-ada7-4cde-b7e9-6ad203e2376d	be43b0d5-0add-4c40-a768-c25b14bda695	MENSUALIDAD	Mensualidad 03/2026	110000.00	3	2026-01-31	2026-03-31	PENDIENTE
1bd2d85c-a427-469e-ad6c-65783a836453	49fc0abf-881c-47a1-8b9c-47f651f7f4e3	be43b0d5-0add-4c40-a768-c25b14bda695	MENSUALIDAD	Mensualidad 02/2026	130000.00	2	2026-01-31	2026-02-28	PENDIENTE
aa45a55e-c238-42fc-bb63-28812849ee59	49fc0abf-881c-47a1-8b9c-47f651f7f4e3	be43b0d5-0add-4c40-a768-c25b14bda695	MENSUALIDAD	Mensualidad 03/2026	130000.00	3	2026-01-31	2026-03-31	PENDIENTE
06d9fc90-517e-4f20-a73c-9f7d9c0297e8	49fc0abf-881c-47a1-8b9c-47f651f7f4e3	be43b0d5-0add-4c40-a768-c25b14bda695	MENSUALIDAD	Mensualidad 04/2026	130000.00	4	2026-01-31	2026-04-30	PENDIENTE
ebc2960d-0cc8-4342-8bc4-017885f24b88	ccc3c1f3-103d-4e78-84b3-a2ef8d9f75cf	be43b0d5-0add-4c40-a768-c25b14bda695	MENSUALIDAD	Mensualidad 02/2026	130000.00	2	2026-01-31	2026-02-28	PENDIENTE
1f828e88-6fb3-49f7-924d-ed2219e8c6f0	ccc3c1f3-103d-4e78-84b3-a2ef8d9f75cf	be43b0d5-0add-4c40-a768-c25b14bda695	MENSUALIDAD	Mensualidad 03/2026	130000.00	3	2026-01-31	2026-03-31	PENDIENTE
c77173ef-8c5f-4e40-a388-ef260de7ccd1	ccc3c1f3-103d-4e78-84b3-a2ef8d9f75cf	be43b0d5-0add-4c40-a768-c25b14bda695	MENSUALIDAD	Mensualidad 04/2026	130000.00	4	2026-01-31	2026-04-30	PENDIENTE
08474cf2-d1b3-45d5-afc1-db487e654089	f974fd55-4c00-4874-b9e2-ebb4df063c21	be43b0d5-0add-4c40-a768-c25b14bda695	MENSUALIDAD	Mensualidad 02/2026	130000.00	2	2026-01-31	2026-02-28	PENDIENTE
b271fd55-891e-4f54-9885-03cce9273108	f974fd55-4c00-4874-b9e2-ebb4df063c21	be43b0d5-0add-4c40-a768-c25b14bda695	MENSUALIDAD	Mensualidad 03/2026	130000.00	3	2026-01-31	2026-03-31	PENDIENTE
af733f48-a573-43a5-b743-4f8191fd6aba	b1739233-bc48-4a37-8e78-9547b56c8ced	be43b0d5-0add-4c40-a768-c25b14bda695	MENSUALIDAD	Mensualidad 02/2026	130000.00	2	2026-01-31	2026-02-28	PENDIENTE
0d7936e9-88d0-4af8-a3fe-b8414eae98bc	b1739233-bc48-4a37-8e78-9547b56c8ced	be43b0d5-0add-4c40-a768-c25b14bda695	MENSUALIDAD	Mensualidad 03/2026	130000.00	3	2026-01-31	2026-03-31	PENDIENTE
fa4d323d-cf7c-49c7-91ac-a7c127819cf3	b1739233-bc48-4a37-8e78-9547b56c8ced	be43b0d5-0add-4c40-a768-c25b14bda695	MENSUALIDAD	Mensualidad 04/2026	130000.00	4	2026-01-31	2026-04-30	PENDIENTE
1c66bc0b-833d-4cfc-b99c-1be71a0ab227	79da1632-9bf8-4726-b9a9-4802feb59370	be43b0d5-0add-4c40-a768-c25b14bda695	MENSUALIDAD	Mensualidad 02/2026	130000.00	2	2026-01-31	2026-02-28	PENDIENTE
e085a9f7-63b6-40a8-a84c-66d49ee4970a	79da1632-9bf8-4726-b9a9-4802feb59370	be43b0d5-0add-4c40-a768-c25b14bda695	MENSUALIDAD	Mensualidad 03/2026	130000.00	3	2026-01-31	2026-03-31	PENDIENTE
18c8dd34-5d15-4457-86c0-00e212cb2dbf	79da1632-9bf8-4726-b9a9-4802feb59370	be43b0d5-0add-4c40-a768-c25b14bda695	MENSUALIDAD	Mensualidad 04/2026	130000.00	4	2026-01-31	2026-04-30	PENDIENTE
5d4cb82c-b750-4883-bc56-953f1a164db0	d5c0cb1b-ad2f-4e15-b09d-698839dce2ea	be43b0d5-0add-4c40-a768-c25b14bda695	MENSUALIDAD	Mensualidad 02/2026	110000.00	2	2026-01-31	2026-02-28	PENDIENTE
b519f097-d93b-4124-8b03-9cc42eeb8295	d5c0cb1b-ad2f-4e15-b09d-698839dce2ea	be43b0d5-0add-4c40-a768-c25b14bda695	MENSUALIDAD	Mensualidad 03/2026	110000.00	3	2026-01-31	2026-03-31	PENDIENTE
db04a022-7dfd-44cb-8355-14f86f7b7979	d5c0cb1b-ad2f-4e15-b09d-698839dce2ea	be43b0d5-0add-4c40-a768-c25b14bda695	MENSUALIDAD	Mensualidad 04/2026	110000.00	4	2026-01-31	2026-04-30	PENDIENTE
ba00065e-1a4a-4eec-a9a6-f172afbfc02e	04c5506f-71b7-4a0c-be50-39512613c870	be43b0d5-0add-4c40-a768-c25b14bda695	MENSUALIDAD	Mensualidad 02/2026	110000.00	2	2026-01-31	2026-02-28	PENDIENTE
87a11189-8617-46fb-aabf-9f1f5419e8fa	04c5506f-71b7-4a0c-be50-39512613c870	be43b0d5-0add-4c40-a768-c25b14bda695	MENSUALIDAD	Mensualidad 03/2026	110000.00	3	2026-01-31	2026-03-31	PENDIENTE
dbfa4127-7d79-47cf-bbd3-17659cbfa34b	9080d298-c5b4-421d-b483-38853fb56071	be43b0d5-0add-4c40-a768-c25b14bda695	MENSUALIDAD	Mensualidad 02/2026	110000.00	2	2026-01-31	2026-02-28	PENDIENTE
81fb0325-afed-48f3-89bc-7f0bb05a1e58	9080d298-c5b4-421d-b483-38853fb56071	be43b0d5-0add-4c40-a768-c25b14bda695	MENSUALIDAD	Mensualidad 03/2026	110000.00	3	2026-01-31	2026-03-31	PENDIENTE
1b2fa9fd-b064-4baa-93ca-316bdd5742a3	bec65dc5-4c1e-404c-a165-5e0944bb7b2b	be43b0d5-0add-4c40-a768-c25b14bda695	MENSUALIDAD	Mensualidad 02/2026	130000.00	2	2026-01-31	2026-02-28	PENDIENTE
209d7d5a-a44b-429a-8a4d-ac20e4cc242a	bec65dc5-4c1e-404c-a165-5e0944bb7b2b	be43b0d5-0add-4c40-a768-c25b14bda695	MENSUALIDAD	Mensualidad 03/2026	130000.00	3	2026-01-31	2026-03-31	PENDIENTE
a6eca809-9f35-4ffb-b9c7-afcf6d808e90	bec65dc5-4c1e-404c-a165-5e0944bb7b2b	be43b0d5-0add-4c40-a768-c25b14bda695	MENSUALIDAD	Mensualidad 04/2026	130000.00	4	2026-01-31	2026-04-30	PENDIENTE
267cd842-e073-476e-a9dd-ed0bec5f6801	16b083c6-b931-4921-8038-eaace5f885c3	be43b0d5-0add-4c40-a768-c25b14bda695	MENSUALIDAD	Mensualidad 02/2026	110000.00	2	2026-01-31	2026-02-28	PENDIENTE
62ab8c5f-0e75-4ad3-a788-702b8e0755bc	16b083c6-b931-4921-8038-eaace5f885c3	be43b0d5-0add-4c40-a768-c25b14bda695	MENSUALIDAD	Mensualidad 03/2026	110000.00	3	2026-01-31	2026-03-31	PENDIENTE
3f2d2ddc-171a-4b65-96b8-dd932170ced9	16b083c6-b931-4921-8038-eaace5f885c3	be43b0d5-0add-4c40-a768-c25b14bda695	MENSUALIDAD	Mensualidad 04/2026	110000.00	4	2026-01-31	2026-04-30	PENDIENTE
773b18db-5ef5-4ff2-ae22-232a3519b7fe	cdc4eca1-908d-4d42-80f5-52fba1c7b8e2	be43b0d5-0add-4c40-a768-c25b14bda695	MENSUALIDAD	Mensualidad 02/2026	110000.00	2	2026-01-31	2026-02-28	PENDIENTE
5732fbbb-89e4-4dc2-b24c-d12821277516	cdc4eca1-908d-4d42-80f5-52fba1c7b8e2	be43b0d5-0add-4c40-a768-c25b14bda695	MENSUALIDAD	Mensualidad 03/2026	110000.00	3	2026-01-31	2026-03-31	PENDIENTE
34a65e13-ccf2-4b23-9584-342e16901b48	e72a0740-f7cc-447c-a209-9a70e7a3f512	be43b0d5-0add-4c40-a768-c25b14bda695	MENSUALIDAD	Mensualidad 02/2026	90000.00	2	2026-01-31	2026-02-28	PENDIENTE
eda80bae-d69a-4047-a7cc-63ae855134f8	e72a0740-f7cc-447c-a209-9a70e7a3f512	be43b0d5-0add-4c40-a768-c25b14bda695	MENSUALIDAD	Mensualidad 03/2026	90000.00	3	2026-01-31	2026-03-31	PENDIENTE
497db72b-0174-499d-9b95-2c2fffbdbaba	be20e436-1f74-439a-ade9-d480a2520a42	be43b0d5-0add-4c40-a768-c25b14bda695	MENSUALIDAD	Mensualidad 02/2026	110000.00	2	2026-01-31	2026-02-28	PENDIENTE
6b50c74e-98c2-4e3f-8e5f-ddd5de3e2840	be20e436-1f74-439a-ade9-d480a2520a42	be43b0d5-0add-4c40-a768-c25b14bda695	MENSUALIDAD	Mensualidad 03/2026	110000.00	3	2026-01-31	2026-03-31	PENDIENTE
f9ef053f-a72e-4ea7-acd8-da9a43df494c	415be519-8576-44de-9100-764f0c3910e2	be43b0d5-0add-4c40-a768-c25b14bda695	MENSUALIDAD	Mensualidad 02/2026	130000.00	2	2026-01-31	2026-02-28	PENDIENTE
fd6d1d78-1442-4a7b-8974-4c52e1a95dda	415be519-8576-44de-9100-764f0c3910e2	be43b0d5-0add-4c40-a768-c25b14bda695	MENSUALIDAD	Mensualidad 03/2026	130000.00	3	2026-01-31	2026-03-31	PENDIENTE
d7efd3ad-e9b0-417a-ac42-482fd8e16563	7e452652-994b-4357-ad3b-d07b47d8563e	be43b0d5-0add-4c40-a768-c25b14bda695	MENSUALIDAD	Mensualidad 02/2026	130000.00	2	2026-01-31	2026-02-28	PENDIENTE
c94a3567-4047-4f57-8c35-2e559c80f5ca	7e452652-994b-4357-ad3b-d07b47d8563e	be43b0d5-0add-4c40-a768-c25b14bda695	MENSUALIDAD	Mensualidad 03/2026	130000.00	3	2026-01-31	2026-03-31	PENDIENTE
f4d96416-7dc8-4e8a-8a2f-51ff42916d2b	ddb03d77-4067-4bce-8d42-fbc8ad75f848	be43b0d5-0add-4c40-a768-c25b14bda695	MENSUALIDAD	Mensualidad 02/2026	90000.00	2	2026-01-31	2026-02-28	PENDIENTE
decf0880-a875-4d7a-ad9c-7d667b3d8bd9	ddb03d77-4067-4bce-8d42-fbc8ad75f848	be43b0d5-0add-4c40-a768-c25b14bda695	MENSUALIDAD	Mensualidad 03/2026	90000.00	3	2026-01-31	2026-03-31	PENDIENTE
416954cd-9413-4301-ab63-37885f135008	550ed279-a7ad-4d1e-ac45-4a0c2a3be44d	be43b0d5-0add-4c40-a768-c25b14bda695	MENSUALIDAD	Mensualidad 02/2026	110000.00	2	2026-01-31	2026-02-28	PENDIENTE
0dfc76aa-2a4f-48b8-a99e-de4de47f3624	550ed279-a7ad-4d1e-ac45-4a0c2a3be44d	be43b0d5-0add-4c40-a768-c25b14bda695	MENSUALIDAD	Mensualidad 03/2026	110000.00	3	2026-01-31	2026-03-31	PENDIENTE
19ae5903-e407-4cc8-ade0-4b72d71f3bff	10ead574-fee0-4947-bc49-22afcf499866	be43b0d5-0add-4c40-a768-c25b14bda695	MENSUALIDAD	Mensualidad 02/2026	130000.00	2	2026-01-31	2026-02-28	PENDIENTE
579d635e-afed-4f40-8215-c81e146ba307	10ead574-fee0-4947-bc49-22afcf499866	be43b0d5-0add-4c40-a768-c25b14bda695	MENSUALIDAD	Mensualidad 03/2026	130000.00	3	2026-01-31	2026-03-31	PENDIENTE
97959770-18d5-4290-857a-6a32f59b7693	93a17594-0daf-41aa-9d97-cc8fbb4fe80a	be43b0d5-0add-4c40-a768-c25b14bda695	MENSUALIDAD	Mensualidad 02/2026	90000.00	2	2026-01-31	2026-02-28	PENDIENTE
d16f8722-23c0-4f6b-aaa0-f70874b90125	93a17594-0daf-41aa-9d97-cc8fbb4fe80a	be43b0d5-0add-4c40-a768-c25b14bda695	MENSUALIDAD	Mensualidad 03/2026	90000.00	3	2026-01-31	2026-03-31	PENDIENTE
4b4ec422-06a5-4c2f-9f25-15dc3168f68e	9fff7710-3da7-41f1-ac59-b8245f646f50	be43b0d5-0add-4c40-a768-c25b14bda695	MENSUALIDAD	Mensualidad 02/2026	110000.00	2	2026-01-31	2026-02-28	PENDIENTE
770eee9c-06d8-442e-9943-6480da2cd4af	9fff7710-3da7-41f1-ac59-b8245f646f50	be43b0d5-0add-4c40-a768-c25b14bda695	MENSUALIDAD	Mensualidad 03/2026	110000.00	3	2026-01-31	2026-03-31	PENDIENTE
55999080-8aee-48ab-a685-1b2df89d9b91	9c32154f-947e-4108-80cf-2aa093626f3d	be43b0d5-0add-4c40-a768-c25b14bda695	MENSUALIDAD	Mensualidad 02/2026	110000.00	2	2026-01-31	2026-02-28	PENDIENTE
4e05e0cc-8b5c-4f61-bc1c-5fb40bc245a8	9c32154f-947e-4108-80cf-2aa093626f3d	be43b0d5-0add-4c40-a768-c25b14bda695	MENSUALIDAD	Mensualidad 03/2026	110000.00	3	2026-01-31	2026-03-31	PENDIENTE
91784504-d392-42f7-ac70-ad675e2cb0ac	9c32154f-947e-4108-80cf-2aa093626f3d	be43b0d5-0add-4c40-a768-c25b14bda695	MENSUALIDAD	Mensualidad 04/2026	110000.00	4	2026-01-31	2026-04-30	PENDIENTE
0293d9cd-c9f0-4b5e-8cc2-f923ee7fa3be	5dd77da7-859d-414f-a2c0-dffb08af58db	be43b0d5-0add-4c40-a768-c25b14bda695	MENSUALIDAD	Mensualidad 02/2026	130000.00	2	2026-01-31	2026-02-28	PENDIENTE
8ebf91d6-6ba8-468c-bf65-94a595085952	5dd77da7-859d-414f-a2c0-dffb08af58db	be43b0d5-0add-4c40-a768-c25b14bda695	MENSUALIDAD	Mensualidad 03/2026	130000.00	3	2026-01-31	2026-03-31	PENDIENTE
ad6680cf-e663-446e-809a-060f82c4e9fc	5dd77da7-859d-414f-a2c0-dffb08af58db	be43b0d5-0add-4c40-a768-c25b14bda695	MENSUALIDAD	Mensualidad 04/2026	130000.00	4	2026-01-31	2026-04-30	PENDIENTE
98cae3ca-6177-413d-bd0f-625e3e9354ca	d775e316-512c-4574-a230-b402d4b5cef4	be43b0d5-0add-4c40-a768-c25b14bda695	MENSUALIDAD	Mensualidad 02/2026	90000.00	2	2026-01-31	2026-02-28	PENDIENTE
6eeb3b5c-0b5f-44bc-bb71-c5aecaa70913	d775e316-512c-4574-a230-b402d4b5cef4	be43b0d5-0add-4c40-a768-c25b14bda695	MENSUALIDAD	Mensualidad 03/2026	90000.00	3	2026-01-31	2026-03-31	PENDIENTE
60ab5c03-24de-4f10-923d-bf967af7f783	d775e316-512c-4574-a230-b402d4b5cef4	be43b0d5-0add-4c40-a768-c25b14bda695	MENSUALIDAD	Mensualidad 04/2026	90000.00	4	2026-01-31	2026-04-30	PENDIENTE
81f10773-96f8-4b0c-ace5-12b709ebf031	d73529a9-fc31-478e-a3e9-77424574ee87	be43b0d5-0add-4c40-a768-c25b14bda695	MENSUALIDAD	Mensualidad 02/2026	130000.00	2	2026-01-31	2026-02-28	PENDIENTE
a541f894-fd53-4081-8744-685875391e1d	d73529a9-fc31-478e-a3e9-77424574ee87	be43b0d5-0add-4c40-a768-c25b14bda695	MENSUALIDAD	Mensualidad 03/2026	130000.00	3	2026-01-31	2026-03-31	PENDIENTE
3e3ed18a-afe9-4776-80da-3179e0de7fc6	d73529a9-fc31-478e-a3e9-77424574ee87	be43b0d5-0add-4c40-a768-c25b14bda695	MENSUALIDAD	Mensualidad 04/2026	130000.00	4	2026-01-31	2026-04-30	PENDIENTE
9a51fb13-b180-4242-a499-b7cee8dad05e	2f51a3cd-1f4c-49e0-ad1d-5a651aad8bce	be43b0d5-0add-4c40-a768-c25b14bda695	MENSUALIDAD	Mensualidad 02/2026	130000.00	2	2026-01-31	2026-02-28	PENDIENTE
3b2c302b-f3d0-4a68-b239-88374bf4b210	2f51a3cd-1f4c-49e0-ad1d-5a651aad8bce	be43b0d5-0add-4c40-a768-c25b14bda695	MENSUALIDAD	Mensualidad 03/2026	130000.00	3	2026-01-31	2026-03-31	PENDIENTE
7c074d1a-7930-4f53-a609-cd82dcd4f0c2	397763cf-2db3-4364-85f0-b61808395d02	be43b0d5-0add-4c40-a768-c25b14bda695	MENSUALIDAD	Mensualidad 02/2026	130000.00	2	2026-01-31	2026-02-28	PENDIENTE
cc978884-d8e6-4afd-9430-a7bb192f2178	397763cf-2db3-4364-85f0-b61808395d02	be43b0d5-0add-4c40-a768-c25b14bda695	MENSUALIDAD	Mensualidad 03/2026	130000.00	3	2026-01-31	2026-03-31	PENDIENTE
6ed0dcf8-a576-46ec-a138-b3d2009674b5	2112f461-1641-4fee-8b6e-2aadabceca7b	be43b0d5-0add-4c40-a768-c25b14bda695	MENSUALIDAD	Mensualidad 02/2026	130000.00	2	2026-01-31	2026-02-28	PENDIENTE
06ee07e1-9acf-4141-8d64-ea1221cac9be	2112f461-1641-4fee-8b6e-2aadabceca7b	be43b0d5-0add-4c40-a768-c25b14bda695	MENSUALIDAD	Mensualidad 03/2026	130000.00	3	2026-01-31	2026-03-31	PENDIENTE
a58b541e-c5a5-41bd-a9d4-4afa54902dc4	e9a4912a-2848-4180-ab5d-f40768dd051c	be43b0d5-0add-4c40-a768-c25b14bda695	MENSUALIDAD	Mensualidad 02/2026	110000.00	2	2026-01-31	2026-02-28	PENDIENTE
25316faf-aa20-4867-9e42-7d0fe207297f	e9a4912a-2848-4180-ab5d-f40768dd051c	be43b0d5-0add-4c40-a768-c25b14bda695	MENSUALIDAD	Mensualidad 03/2026	110000.00	3	2026-01-31	2026-03-31	PENDIENTE
16e93161-f09f-40d6-8333-2886877d725e	e9a4912a-2848-4180-ab5d-f40768dd051c	be43b0d5-0add-4c40-a768-c25b14bda695	MENSUALIDAD	Mensualidad 04/2026	110000.00	4	2026-01-31	2026-04-30	PENDIENTE
0955922a-6de8-4045-909c-d89b8b1c1f83	7f76f2f0-f812-458c-9b06-de966bfc636c	be43b0d5-0add-4c40-a768-c25b14bda695	MENSUALIDAD	Mensualidad 02/2026	130000.00	2	2026-01-31	2026-02-28	PENDIENTE
c6357b0d-8529-4aa1-859c-117879ad7c87	7f76f2f0-f812-458c-9b06-de966bfc636c	be43b0d5-0add-4c40-a768-c25b14bda695	MENSUALIDAD	Mensualidad 03/2026	130000.00	3	2026-01-31	2026-03-31	PENDIENTE
10accbbc-9197-4bff-9e3b-190386c12ae3	add22397-0769-47d5-b635-a2317737fb10	be43b0d5-0add-4c40-a768-c25b14bda695	MENSUALIDAD	Mensualidad 02/2026	90000.00	2	2026-01-31	2026-02-28	PENDIENTE
405dc4c9-45c0-4c86-bb0a-90374bbc2bb1	add22397-0769-47d5-b635-a2317737fb10	be43b0d5-0add-4c40-a768-c25b14bda695	MENSUALIDAD	Mensualidad 03/2026	90000.00	3	2026-01-31	2026-03-31	PENDIENTE
6ffb5b5c-9d85-47c3-af9a-de55f718a254	1132a9ae-3e50-457a-acf5-c35e70caee9e	be43b0d5-0add-4c40-a768-c25b14bda695	MENSUALIDAD	Mensualidad 02/2026	110000.00	2	2026-01-31	2026-02-28	PENDIENTE
6251e18b-373a-41fe-af54-024b39e7aa2f	1132a9ae-3e50-457a-acf5-c35e70caee9e	be43b0d5-0add-4c40-a768-c25b14bda695	MENSUALIDAD	Mensualidad 03/2026	110000.00	3	2026-01-31	2026-03-31	PENDIENTE
7f58b95e-a9e5-4b49-adfc-c2c5ff2f0993	8c2186f3-bbf7-4899-8596-c3a15196f209	be43b0d5-0add-4c40-a768-c25b14bda695	MENSUALIDAD	Mensualidad 02/2026	130000.00	2	2026-01-31	2026-02-28	PENDIENTE
497ded99-8246-4bbe-a687-02f69e6e4b20	8c2186f3-bbf7-4899-8596-c3a15196f209	be43b0d5-0add-4c40-a768-c25b14bda695	MENSUALIDAD	Mensualidad 03/2026	130000.00	3	2026-01-31	2026-03-31	PENDIENTE
d0c1c79c-afe1-4a4b-9115-a2084106be84	5e3f2697-9fa5-4664-b93e-c3f584bc0a10	be43b0d5-0add-4c40-a768-c25b14bda695	MENSUALIDAD	Mensualidad 02/2026	130000.00	2	2026-01-31	2026-02-28	PENDIENTE
8db13336-b73d-491f-b0d1-f8a2bb65af0c	5e3f2697-9fa5-4664-b93e-c3f584bc0a10	be43b0d5-0add-4c40-a768-c25b14bda695	MENSUALIDAD	Mensualidad 03/2026	130000.00	3	2026-01-31	2026-03-31	PENDIENTE
92cc1b36-0aaf-4350-8635-8a2a74142fea	5e3f2697-9fa5-4664-b93e-c3f584bc0a10	be43b0d5-0add-4c40-a768-c25b14bda695	MENSUALIDAD	Mensualidad 04/2026	130000.00	4	2026-01-31	2026-04-30	PENDIENTE
1e98a813-1142-45d4-948f-dfbb34c3a775	b909481e-0093-468e-a727-10a60bcf3bbf	be43b0d5-0add-4c40-a768-c25b14bda695	MENSUALIDAD	Mensualidad 02/2026	130000.00	2	2026-01-31	2026-02-28	PENDIENTE
92a48143-6f98-4f89-b6d4-d4e5823ef4c5	b909481e-0093-468e-a727-10a60bcf3bbf	be43b0d5-0add-4c40-a768-c25b14bda695	MENSUALIDAD	Mensualidad 03/2026	130000.00	3	2026-01-31	2026-03-31	PENDIENTE
a8217960-b1d2-4021-bfbd-754d16d4d8b6	03ff5f52-2bdd-402b-a944-60bd400fb481	be43b0d5-0add-4c40-a768-c25b14bda695	MENSUALIDAD	Mensualidad 02/2026	90000.00	2	2026-01-31	2026-02-28	PENDIENTE
e7e82235-6ff7-425d-80af-a8d2cd531ac6	03ff5f52-2bdd-402b-a944-60bd400fb481	be43b0d5-0add-4c40-a768-c25b14bda695	MENSUALIDAD	Mensualidad 03/2026	90000.00	3	2026-01-31	2026-03-31	PENDIENTE
05225653-ab15-462a-9453-45c8804380bf	a86ec751-3af6-4c38-8d48-f4a85d59bd93	be43b0d5-0add-4c40-a768-c25b14bda695	MENSUALIDAD	Mensualidad 02/2026	110000.00	2	2026-01-31	2026-02-28	PENDIENTE
10a6ebd7-57b3-44f4-936a-7fe0d6599363	a86ec751-3af6-4c38-8d48-f4a85d59bd93	be43b0d5-0add-4c40-a768-c25b14bda695	MENSUALIDAD	Mensualidad 03/2026	110000.00	3	2026-01-31	2026-03-31	PENDIENTE
b834e2e6-9ec7-4315-a6f0-00f8f6eb3824	9c718ab5-f7bb-447a-b844-babf4ea02a7c	be43b0d5-0add-4c40-a768-c25b14bda695	MENSUALIDAD	Mensualidad 02/2026	110000.00	2	2026-01-31	2026-02-28	PENDIENTE
c540b607-fba3-40a4-9038-c9029d65260a	9c718ab5-f7bb-447a-b844-babf4ea02a7c	be43b0d5-0add-4c40-a768-c25b14bda695	MENSUALIDAD	Mensualidad 03/2026	110000.00	3	2026-01-31	2026-03-31	PENDIENTE
0a4474aa-0f93-4aa4-b2a1-af5dddc8ec7c	56ab1407-d157-4c0e-8b27-f1b68ec48590	be43b0d5-0add-4c40-a768-c25b14bda695	MENSUALIDAD	Mensualidad 02/2026	130000.00	2	2026-01-31	2026-02-28	PENDIENTE
cb3f01cf-826f-4f7b-841e-2b8ebbd9b134	56ab1407-d157-4c0e-8b27-f1b68ec48590	be43b0d5-0add-4c40-a768-c25b14bda695	MENSUALIDAD	Mensualidad 03/2026	130000.00	3	2026-01-31	2026-03-31	PENDIENTE
9ded764c-0c67-426d-9dc6-5568820c6942	e5375d75-b996-45c3-b530-1004697c5e4e	be43b0d5-0add-4c40-a768-c25b14bda695	MENSUALIDAD	Mensualidad 02/2026	90000.00	2	2026-01-31	2026-02-28	PENDIENTE
a0355541-685a-4b80-a095-09830f61bf30	e5375d75-b996-45c3-b530-1004697c5e4e	be43b0d5-0add-4c40-a768-c25b14bda695	MENSUALIDAD	Mensualidad 03/2026	90000.00	3	2026-01-31	2026-03-31	PENDIENTE
64adfe43-d158-4adf-8035-f1a8965199b6	e5375d75-b996-45c3-b530-1004697c5e4e	be43b0d5-0add-4c40-a768-c25b14bda695	MENSUALIDAD	Mensualidad 04/2026	90000.00	4	2026-01-31	2026-04-30	PENDIENTE
14df23ae-ec23-4f59-90a1-96604fb187b6	886786df-abdb-436e-930d-9915aa0b00be	be43b0d5-0add-4c40-a768-c25b14bda695	MENSUALIDAD	Mensualidad 02/2026	110000.00	2	2026-01-31	2026-02-28	PENDIENTE
3c4a59fb-3138-4d78-9b97-44c20654cbb0	886786df-abdb-436e-930d-9915aa0b00be	be43b0d5-0add-4c40-a768-c25b14bda695	MENSUALIDAD	Mensualidad 03/2026	110000.00	3	2026-01-31	2026-03-31	PENDIENTE
32616b7b-c8dc-4034-a556-4cd741f3e960	805e4e16-8da8-489a-a5ea-6a52d4f4fd62	be43b0d5-0add-4c40-a768-c25b14bda695	MENSUALIDAD	Mensualidad 02/2026	130000.00	2	2026-01-31	2026-02-28	PENDIENTE
e0fce192-1d9f-4048-9aa5-dc14a3356f9c	805e4e16-8da8-489a-a5ea-6a52d4f4fd62	be43b0d5-0add-4c40-a768-c25b14bda695	MENSUALIDAD	Mensualidad 03/2026	130000.00	3	2026-01-31	2026-03-31	PENDIENTE
f0a37d32-f473-4af9-813b-f8f4d6fc7d39	ca3ec132-4ca0-4561-9471-11c369356d0c	be43b0d5-0add-4c40-a768-c25b14bda695	MENSUALIDAD	Mensualidad 02/2026	130000.00	2	2026-01-31	2026-02-28	PENDIENTE
f533ff42-d66a-4242-a372-17dec5c52b0a	ca3ec132-4ca0-4561-9471-11c369356d0c	be43b0d5-0add-4c40-a768-c25b14bda695	MENSUALIDAD	Mensualidad 03/2026	130000.00	3	2026-01-31	2026-03-31	PENDIENTE
cbd2e4ca-c47e-47d9-a455-fc35dbbb16d5	ca3ec132-4ca0-4561-9471-11c369356d0c	be43b0d5-0add-4c40-a768-c25b14bda695	MENSUALIDAD	Mensualidad 04/2026	130000.00	4	2026-01-31	2026-04-30	PENDIENTE
2c4b7613-9f42-49bd-8aa3-886ff11c8873	fce39344-0a79-4725-a943-b176c3d5fe32	be43b0d5-0add-4c40-a768-c25b14bda695	MENSUALIDAD	Mensualidad 02/2026	110000.00	2	2026-01-31	2026-02-28	PENDIENTE
0e70be04-a232-4c2f-b277-9dda1252ed30	fce39344-0a79-4725-a943-b176c3d5fe32	be43b0d5-0add-4c40-a768-c25b14bda695	MENSUALIDAD	Mensualidad 03/2026	110000.00	3	2026-01-31	2026-03-31	PENDIENTE
e20dd373-3913-4293-a24b-c5d64d5cf2e7	484d80f1-03ea-4637-a332-b5c6b0a9d509	be43b0d5-0add-4c40-a768-c25b14bda695	MENSUALIDAD	Mensualidad 02/2026	130000.00	2	2026-01-31	2026-02-28	PENDIENTE
580a3c77-30d6-4b26-ae80-edea6fb27517	484d80f1-03ea-4637-a332-b5c6b0a9d509	be43b0d5-0add-4c40-a768-c25b14bda695	MENSUALIDAD	Mensualidad 03/2026	130000.00	3	2026-01-31	2026-03-31	PENDIENTE
052818d3-ae9c-41a6-a1d5-dca776ddc994	237305ed-3c6c-408f-8cac-546b2593e6b9	be43b0d5-0add-4c40-a768-c25b14bda695	MENSUALIDAD	Mensualidad 02/2026	130000.00	2	2026-01-31	2026-02-28	PENDIENTE
3efee6c7-9925-492d-a92e-0ed2a86e80be	237305ed-3c6c-408f-8cac-546b2593e6b9	be43b0d5-0add-4c40-a768-c25b14bda695	MENSUALIDAD	Mensualidad 03/2026	130000.00	3	2026-01-31	2026-03-31	PENDIENTE
d5fc424d-8490-4f02-a37c-007161b55e0d	c97ac5c0-d7ca-4ccc-93fc-4a1fc5ccbdba	be43b0d5-0add-4c40-a768-c25b14bda695	MENSUALIDAD	Mensualidad 02/2026	130000.00	2	2026-01-31	2026-02-28	PENDIENTE
ce63a9ba-86b0-448f-82e8-f873ee333557	c97ac5c0-d7ca-4ccc-93fc-4a1fc5ccbdba	be43b0d5-0add-4c40-a768-c25b14bda695	MENSUALIDAD	Mensualidad 03/2026	130000.00	3	2026-01-31	2026-03-31	PENDIENTE
8db2b5bd-dd79-44e8-adcd-d4455707fd69	c0080796-83e7-462c-977d-db694ac84bce	be43b0d5-0add-4c40-a768-c25b14bda695	MENSUALIDAD	Mensualidad 02/2026	110000.00	2	2026-01-31	2026-02-28	PENDIENTE
c551925d-c99a-4f86-8482-87f76155ddf3	c0080796-83e7-462c-977d-db694ac84bce	be43b0d5-0add-4c40-a768-c25b14bda695	MENSUALIDAD	Mensualidad 03/2026	110000.00	3	2026-01-31	2026-03-31	PENDIENTE
20d7c488-7ce9-4528-8514-ba42aec40388	94667e8d-b5c2-41f5-bba7-8441ed649940	be43b0d5-0add-4c40-a768-c25b14bda695	MENSUALIDAD	Mensualidad 02/2026	110000.00	2	2026-01-31	2026-02-28	PENDIENTE
63e34a3e-29b8-4cfd-983e-83f5abe4e873	94667e8d-b5c2-41f5-bba7-8441ed649940	be43b0d5-0add-4c40-a768-c25b14bda695	MENSUALIDAD	Mensualidad 03/2026	110000.00	3	2026-01-31	2026-03-31	PENDIENTE
93f56bf3-3e85-409f-9985-235d98f81d34	94667e8d-b5c2-41f5-bba7-8441ed649940	be43b0d5-0add-4c40-a768-c25b14bda695	MENSUALIDAD	Mensualidad 04/2026	110000.00	4	2026-01-31	2026-04-30	PENDIENTE
74c741b6-82b6-4666-a474-6d6f07b20cce	0dbad131-e40d-4a2e-b32f-df62c6baeb0e	be43b0d5-0add-4c40-a768-c25b14bda695	MENSUALIDAD	Mensualidad 02/2026	90000.00	2	2026-01-31	2026-02-28	PENDIENTE
b926ce01-cce1-4f68-b918-699b962e8992	0dbad131-e40d-4a2e-b32f-df62c6baeb0e	be43b0d5-0add-4c40-a768-c25b14bda695	MENSUALIDAD	Mensualidad 03/2026	90000.00	3	2026-01-31	2026-03-31	PENDIENTE
1e5cd14b-ef88-4141-8bb1-cf7109a1588f	ff59efe6-46c1-4a79-8f9e-2cb71c87a995	be43b0d5-0add-4c40-a768-c25b14bda695	MENSUALIDAD	Mensualidad 02/2026	90000.00	2	2026-01-31	2026-02-28	PENDIENTE
d0ebe3e8-7487-48f3-a1a2-9fdc0b16d1bb	ff59efe6-46c1-4a79-8f9e-2cb71c87a995	be43b0d5-0add-4c40-a768-c25b14bda695	MENSUALIDAD	Mensualidad 03/2026	90000.00	3	2026-01-31	2026-03-31	PENDIENTE
9d5bd5ed-c801-45dc-bdbe-ca16132ceca4	1d958dce-f52a-44dd-9aec-f8082aa29f03	be43b0d5-0add-4c40-a768-c25b14bda695	MENSUALIDAD	Mensualidad 02/2026	110000.00	2	2026-01-31	2026-02-28	PENDIENTE
029529c1-3407-4638-a028-732bba218025	1d958dce-f52a-44dd-9aec-f8082aa29f03	be43b0d5-0add-4c40-a768-c25b14bda695	MENSUALIDAD	Mensualidad 03/2026	110000.00	3	2026-01-31	2026-03-31	PENDIENTE
f7e06c6b-f868-4ef4-a603-85835670fd65	7f800a06-6b72-4fdb-874d-074f2e43d79e	be43b0d5-0add-4c40-a768-c25b14bda695	MENSUALIDAD	Mensualidad 02/2026	110000.00	2	2026-01-31	2026-02-28	PENDIENTE
44cbe131-33a3-4a87-b511-2a584c975d81	7f800a06-6b72-4fdb-874d-074f2e43d79e	be43b0d5-0add-4c40-a768-c25b14bda695	MENSUALIDAD	Mensualidad 03/2026	110000.00	3	2026-01-31	2026-03-31	PENDIENTE
d838901a-ecae-406b-a465-c6757a49785a	61d4d01c-51b9-44f9-8509-fea6c45890c6	be43b0d5-0add-4c40-a768-c25b14bda695	MENSUALIDAD	Mensualidad 02/2026	90000.00	2	2026-01-31	2026-02-28	PENDIENTE
f4fc32e0-bd5c-4439-bfbc-355e714f3b0e	61d4d01c-51b9-44f9-8509-fea6c45890c6	be43b0d5-0add-4c40-a768-c25b14bda695	MENSUALIDAD	Mensualidad 03/2026	90000.00	3	2026-01-31	2026-03-31	PENDIENTE
3f954250-0899-4878-8af9-5b9abdf0b831	9392d401-caa3-4bb9-8b08-17a645874c6a	be43b0d5-0add-4c40-a768-c25b14bda695	MENSUALIDAD	Mensualidad 02/2026	130000.00	2	2026-01-31	2026-02-28	PENDIENTE
3cdede44-6b5a-4b46-b17c-2610fb2ea9c4	9392d401-caa3-4bb9-8b08-17a645874c6a	be43b0d5-0add-4c40-a768-c25b14bda695	MENSUALIDAD	Mensualidad 03/2026	130000.00	3	2026-01-31	2026-03-31	PENDIENTE
f5a7a0cc-7cda-4c45-a561-43eb5bbba4db	72579d48-0bff-420a-969c-2ad8d3f503c8	be43b0d5-0add-4c40-a768-c25b14bda695	MENSUALIDAD	Mensualidad 02/2026	130000.00	2	2026-01-31	2026-02-28	PENDIENTE
ac88b3be-02ca-474a-8b48-7fd8690d679a	72579d48-0bff-420a-969c-2ad8d3f503c8	be43b0d5-0add-4c40-a768-c25b14bda695	MENSUALIDAD	Mensualidad 03/2026	130000.00	3	2026-01-31	2026-03-31	PENDIENTE
7dfacdb0-78ab-426a-993f-af65c8b5818a	72579d48-0bff-420a-969c-2ad8d3f503c8	be43b0d5-0add-4c40-a768-c25b14bda695	MENSUALIDAD	Mensualidad 04/2026	130000.00	4	2026-01-31	2026-04-30	PENDIENTE
94824275-e2d2-484d-9f1e-3ca662036931	18ef066c-5f72-409d-9d63-44fa7191189a	be43b0d5-0add-4c40-a768-c25b14bda695	MENSUALIDAD	Mensualidad 02/2026	90000.00	2	2026-01-31	2026-02-28	PENDIENTE
1c9c2a26-74fc-4baa-b53e-6751c972dbcf	18ef066c-5f72-409d-9d63-44fa7191189a	be43b0d5-0add-4c40-a768-c25b14bda695	MENSUALIDAD	Mensualidad 03/2026	90000.00	3	2026-01-31	2026-03-31	PENDIENTE
32b47c37-e5aa-44e2-abf7-66acb6424487	3ecd82b5-4485-4092-b8c4-cb05478867a2	be43b0d5-0add-4c40-a768-c25b14bda695	MENSUALIDAD	Mensualidad 02/2026	110000.00	2	2026-01-31	2026-02-28	PENDIENTE
a8371b75-9067-4adc-877e-e515464b427a	3ecd82b5-4485-4092-b8c4-cb05478867a2	be43b0d5-0add-4c40-a768-c25b14bda695	MENSUALIDAD	Mensualidad 03/2026	110000.00	3	2026-01-31	2026-03-31	PENDIENTE
36eb365d-005f-45ae-bf8c-fc8c0812b5b5	bcce4a4c-1043-4675-942d-6b13fef69adc	be43b0d5-0add-4c40-a768-c25b14bda695	MENSUALIDAD	Mensualidad 02/2026	90000.00	2	2026-01-31	2026-02-28	PENDIENTE
965a5e0e-c7c1-488b-a23e-6590470f00f8	bcce4a4c-1043-4675-942d-6b13fef69adc	be43b0d5-0add-4c40-a768-c25b14bda695	MENSUALIDAD	Mensualidad 03/2026	90000.00	3	2026-01-31	2026-03-31	PENDIENTE
0fc7d66d-0582-41c2-817e-baa49defd4bc	bcce4a4c-1043-4675-942d-6b13fef69adc	be43b0d5-0add-4c40-a768-c25b14bda695	MENSUALIDAD	Mensualidad 04/2026	90000.00	4	2026-01-31	2026-04-30	PENDIENTE
cd7578e2-9494-481c-87e0-f63e6d558df1	de786e66-41c9-42fc-a1f1-16660a6d538f	be43b0d5-0add-4c40-a768-c25b14bda695	MENSUALIDAD	Mensualidad 02/2026	110000.00	2	2026-01-31	2026-02-28	PENDIENTE
535e0b2a-b06d-462b-aa64-112c86fd71c5	de786e66-41c9-42fc-a1f1-16660a6d538f	be43b0d5-0add-4c40-a768-c25b14bda695	MENSUALIDAD	Mensualidad 03/2026	110000.00	3	2026-01-31	2026-03-31	PENDIENTE
38052b8a-4fe8-42ae-9a76-0323c6c9e6ba	01f93570-ec2c-4fab-b1aa-64aadbacf07f	be43b0d5-0add-4c40-a768-c25b14bda695	MENSUALIDAD	Mensualidad 02/2026	130000.00	2	2026-01-31	2026-02-28	PENDIENTE
5034aa3d-3db8-429d-bb7e-556acc6e23fe	01f93570-ec2c-4fab-b1aa-64aadbacf07f	be43b0d5-0add-4c40-a768-c25b14bda695	MENSUALIDAD	Mensualidad 03/2026	130000.00	3	2026-01-31	2026-03-31	PENDIENTE
3b72497c-6406-401a-9972-354fd0e3df0b	ebe6b2d0-9fdd-4210-b1de-8c7e64515296	be43b0d5-0add-4c40-a768-c25b14bda695	MENSUALIDAD	Mensualidad 02/2026	110000.00	2	2026-01-31	2026-02-28	PENDIENTE
5430f076-c974-443d-9638-766eb107abc5	ebe6b2d0-9fdd-4210-b1de-8c7e64515296	be43b0d5-0add-4c40-a768-c25b14bda695	MENSUALIDAD	Mensualidad 03/2026	110000.00	3	2026-01-31	2026-03-31	PENDIENTE
891f82f4-a156-4992-a845-8853cf773d85	00861959-2499-4ac6-b1e1-5cd5e45e1395	be43b0d5-0add-4c40-a768-c25b14bda695	MENSUALIDAD	Mensualidad 02/2026	130000.00	2	2026-01-31	2026-02-28	PENDIENTE
b273a702-d9ae-4f4c-92f6-6d9284106559	00861959-2499-4ac6-b1e1-5cd5e45e1395	be43b0d5-0add-4c40-a768-c25b14bda695	MENSUALIDAD	Mensualidad 03/2026	130000.00	3	2026-01-31	2026-03-31	PENDIENTE
57d6ef6e-904b-4e4c-9d68-b80ee350abc0	dadd72b1-356a-4a4d-8fa2-300f9cf5f952	be43b0d5-0add-4c40-a768-c25b14bda695	MENSUALIDAD	Mensualidad 02/2026	110000.00	2	2026-01-31	2026-02-28	PENDIENTE
0c61a99e-9b56-442d-9d8a-1ac12f007fcf	dadd72b1-356a-4a4d-8fa2-300f9cf5f952	be43b0d5-0add-4c40-a768-c25b14bda695	MENSUALIDAD	Mensualidad 03/2026	110000.00	3	2026-01-31	2026-03-31	PENDIENTE
e8c4f0bd-11b7-47d4-a56d-ff3a4113e4b1	afca2472-d2d1-4b77-ad67-dfbb5afd0629	be43b0d5-0add-4c40-a768-c25b14bda695	MENSUALIDAD	Mensualidad 02/2026	110000.00	2	2026-01-31	2026-02-28	PENDIENTE
19d17fa7-8804-462c-81cc-c42b88fac339	afca2472-d2d1-4b77-ad67-dfbb5afd0629	be43b0d5-0add-4c40-a768-c25b14bda695	MENSUALIDAD	Mensualidad 03/2026	110000.00	3	2026-01-31	2026-03-31	PENDIENTE
a74694ce-7c35-476f-b3ce-93bcfe207388	05b6d7c6-e439-4ddc-8d43-a58dd82bc7bb	be43b0d5-0add-4c40-a768-c25b14bda695	MENSUALIDAD	Mensualidad 02/2026	90000.00	2	2026-01-31	2026-02-28	PENDIENTE
f65436b5-695d-4370-b47c-30060f17f3e9	05b6d7c6-e439-4ddc-8d43-a58dd82bc7bb	be43b0d5-0add-4c40-a768-c25b14bda695	MENSUALIDAD	Mensualidad 03/2026	90000.00	3	2026-01-31	2026-03-31	PENDIENTE
3ec22ab2-b6bb-4f06-8b15-b77e924ad57a	05b6d7c6-e439-4ddc-8d43-a58dd82bc7bb	be43b0d5-0add-4c40-a768-c25b14bda695	MENSUALIDAD	Mensualidad 04/2026	90000.00	4	2026-01-31	2026-04-30	PENDIENTE
9718ed67-a15c-4488-8648-88362a870b39	9003c692-a8e3-4819-b291-bfb019eea91c	be43b0d5-0add-4c40-a768-c25b14bda695	MENSUALIDAD	Mensualidad 02/2026	90000.00	2	2026-01-31	2026-02-28	PENDIENTE
1fc46cb5-2da0-4ff3-af7c-78499df5ca0b	9003c692-a8e3-4819-b291-bfb019eea91c	be43b0d5-0add-4c40-a768-c25b14bda695	MENSUALIDAD	Mensualidad 03/2026	90000.00	3	2026-01-31	2026-03-31	PENDIENTE
24fc3907-a134-4f2d-aec0-3d83636d1645	7d25f789-fa2c-4400-bbd8-bdd65b5c3cb2	be43b0d5-0add-4c40-a768-c25b14bda695	MENSUALIDAD	Mensualidad 02/2026	110000.00	2	2026-01-31	2026-02-28	PENDIENTE
9cdf574f-fe0f-4dbb-9f0e-6b8a0930b1f7	7d25f789-fa2c-4400-bbd8-bdd65b5c3cb2	be43b0d5-0add-4c40-a768-c25b14bda695	MENSUALIDAD	Mensualidad 03/2026	110000.00	3	2026-01-31	2026-03-31	PENDIENTE
865ef456-4898-4d25-95d9-cff3f9177fad	84e35c7d-b6b1-4d3d-93fc-f58eff972915	be43b0d5-0add-4c40-a768-c25b14bda695	MENSUALIDAD	Mensualidad 02/2026	130000.00	2	2026-01-31	2026-02-28	PENDIENTE
5f43047a-ace2-4273-84c0-d3e80d010307	84e35c7d-b6b1-4d3d-93fc-f58eff972915	be43b0d5-0add-4c40-a768-c25b14bda695	MENSUALIDAD	Mensualidad 03/2026	130000.00	3	2026-01-31	2026-03-31	PENDIENTE
5a435d37-c8fe-4711-873e-c9ae506e6fc9	5364bae6-dae1-4095-bf7a-4a9e179638ca	be43b0d5-0add-4c40-a768-c25b14bda695	MENSUALIDAD	Mensualidad 02/2026	110000.00	2	2026-01-31	2026-02-28	PENDIENTE
8dccb844-c5d0-4f4c-bfa4-b51c9cb6c2c0	5364bae6-dae1-4095-bf7a-4a9e179638ca	be43b0d5-0add-4c40-a768-c25b14bda695	MENSUALIDAD	Mensualidad 03/2026	110000.00	3	2026-01-31	2026-03-31	PENDIENTE
a80420ad-27d0-4407-8bc1-e32685f6f128	a090c6ef-d370-4fe2-89a5-604fa3de5279	be43b0d5-0add-4c40-a768-c25b14bda695	MENSUALIDAD	Mensualidad 02/2026	110000.00	2	2026-01-31	2026-02-28	PENDIENTE
53f12765-bf7c-496f-bfea-88266959e812	a090c6ef-d370-4fe2-89a5-604fa3de5279	be43b0d5-0add-4c40-a768-c25b14bda695	MENSUALIDAD	Mensualidad 03/2026	110000.00	3	2026-01-31	2026-03-31	PENDIENTE
4f9166e2-643b-4d97-8316-69f684933d78	43c3685e-357f-4e7e-b2f0-bf416955a5a4	be43b0d5-0add-4c40-a768-c25b14bda695	MENSUALIDAD	Mensualidad 02/2026	110000.00	2	2026-01-31	2026-02-28	PENDIENTE
05b70025-83c2-4250-b0b7-53b2d861be71	43c3685e-357f-4e7e-b2f0-bf416955a5a4	be43b0d5-0add-4c40-a768-c25b14bda695	MENSUALIDAD	Mensualidad 03/2026	110000.00	3	2026-01-31	2026-03-31	PENDIENTE
c8a56bf9-3c03-4623-8b38-25b1e07e15e2	f60c0328-b560-4590-9405-f08fa5345a8b	be43b0d5-0add-4c40-a768-c25b14bda695	MENSUALIDAD	Mensualidad 02/2026	110000.00	2	2026-01-31	2026-02-28	PENDIENTE
c79fd9e0-d09d-4c9a-b2ac-a40f84865aaa	f60c0328-b560-4590-9405-f08fa5345a8b	be43b0d5-0add-4c40-a768-c25b14bda695	MENSUALIDAD	Mensualidad 03/2026	110000.00	3	2026-01-31	2026-03-31	PENDIENTE
c1f6e625-fadd-451d-82e6-9012f4fdcb55	f60c0328-b560-4590-9405-f08fa5345a8b	be43b0d5-0add-4c40-a768-c25b14bda695	MENSUALIDAD	Mensualidad 04/2026	110000.00	4	2026-01-31	2026-04-30	PENDIENTE
7afd9385-3097-499f-a708-41e4e48e73b6	4d73ce99-9da5-489c-8800-3986ce66f7b3	be43b0d5-0add-4c40-a768-c25b14bda695	MENSUALIDAD	Mensualidad 02/2026	130000.00	2	2026-01-31	2026-02-28	PENDIENTE
8986f0f2-2b35-4bd2-ba15-09b401f3627a	4d73ce99-9da5-489c-8800-3986ce66f7b3	be43b0d5-0add-4c40-a768-c25b14bda695	MENSUALIDAD	Mensualidad 03/2026	130000.00	3	2026-01-31	2026-03-31	PENDIENTE
ef25ea18-047c-450b-9870-fe651658f6cd	94f75594-3b3f-40ca-b75d-be74bc5acd71	be43b0d5-0add-4c40-a768-c25b14bda695	MENSUALIDAD	Mensualidad 02/2026	110000.00	2	2026-01-31	2026-02-28	PENDIENTE
e39d9b2d-8ecf-4bed-a14b-0ce2e650a54d	94f75594-3b3f-40ca-b75d-be74bc5acd71	be43b0d5-0add-4c40-a768-c25b14bda695	MENSUALIDAD	Mensualidad 03/2026	110000.00	3	2026-01-31	2026-03-31	PENDIENTE
6c077672-b771-47b0-b954-b37d0333f7f7	a27319e7-dc6c-4239-84fc-136eb7f4bc32	be43b0d5-0add-4c40-a768-c25b14bda695	MENSUALIDAD	Mensualidad 02/2026	110000.00	2	2026-01-31	2026-02-28	PENDIENTE
eb2beb0d-91f2-4c6b-a37b-24c39691d897	a27319e7-dc6c-4239-84fc-136eb7f4bc32	be43b0d5-0add-4c40-a768-c25b14bda695	MENSUALIDAD	Mensualidad 03/2026	110000.00	3	2026-01-31	2026-03-31	PENDIENTE
43ddc529-27f5-49fb-9493-03fec8acc9da	309f39b9-9c9c-42af-8d86-8daf224b1ff5	be43b0d5-0add-4c40-a768-c25b14bda695	MENSUALIDAD	Mensualidad 02/2026	110000.00	2	2026-01-31	2026-02-28	PENDIENTE
5d0d3b4e-a25d-40d8-8d0b-cf23e7005ba8	309f39b9-9c9c-42af-8d86-8daf224b1ff5	be43b0d5-0add-4c40-a768-c25b14bda695	MENSUALIDAD	Mensualidad 03/2026	110000.00	3	2026-01-31	2026-03-31	PENDIENTE
1f69d461-9d66-41f6-abb8-5e38a9a63973	64b92c1e-a7ea-45cf-8033-0e342d6f3629	be43b0d5-0add-4c40-a768-c25b14bda695	MENSUALIDAD	Mensualidad 02/2026	90000.00	2	2026-01-31	2026-02-28	PENDIENTE
9b98c7e6-4743-42c9-a73c-44a2fce8d82e	64b92c1e-a7ea-45cf-8033-0e342d6f3629	be43b0d5-0add-4c40-a768-c25b14bda695	MENSUALIDAD	Mensualidad 03/2026	90000.00	3	2026-01-31	2026-03-31	PENDIENTE
cdb37d55-80e2-462a-ace3-48aa61d4cc2a	f67886ae-9edf-40c2-bc99-131d7cd90db2	be43b0d5-0add-4c40-a768-c25b14bda695	MENSUALIDAD	Mensualidad 02/2026	90000.00	2	2026-01-31	2026-02-28	PENDIENTE
8e431106-ec92-4953-9419-01db52123722	f67886ae-9edf-40c2-bc99-131d7cd90db2	be43b0d5-0add-4c40-a768-c25b14bda695	MENSUALIDAD	Mensualidad 03/2026	90000.00	3	2026-01-31	2026-03-31	PENDIENTE
51ffcc37-24d4-45d0-be99-fc4ec654e02e	53f3c2d2-6b02-40c2-a3db-8b285ab4142f	be43b0d5-0add-4c40-a768-c25b14bda695	MENSUALIDAD	Mensualidad 02/2026	110000.00	2	2026-01-31	2026-02-28	PENDIENTE
92ef114a-df28-4bc9-807b-bb04f1a29ad6	53f3c2d2-6b02-40c2-a3db-8b285ab4142f	be43b0d5-0add-4c40-a768-c25b14bda695	MENSUALIDAD	Mensualidad 03/2026	110000.00	3	2026-01-31	2026-03-31	PENDIENTE
3287d35c-bb1f-498e-8406-f00ec41cdd42	495f7318-9b6e-4f2f-bc87-42d878c6ce22	be43b0d5-0add-4c40-a768-c25b14bda695	MENSUALIDAD	Mensualidad 02/2026	110000.00	2	2026-01-31	2026-02-28	PENDIENTE
b6c8a906-c463-4cba-9625-c923ffe437b2	495f7318-9b6e-4f2f-bc87-42d878c6ce22	be43b0d5-0add-4c40-a768-c25b14bda695	MENSUALIDAD	Mensualidad 03/2026	110000.00	3	2026-01-31	2026-03-31	PENDIENTE
26de43ee-39b6-472c-92ba-60333fa40293	19e0d101-6c17-4e3a-bdfa-7005d3316e44	be43b0d5-0add-4c40-a768-c25b14bda695	MENSUALIDAD	Mensualidad 02/2026	130000.00	2	2026-01-31	2026-02-28	PENDIENTE
1dca2aa7-0f5c-4dd4-9bd8-c50b8ce06248	19e0d101-6c17-4e3a-bdfa-7005d3316e44	be43b0d5-0add-4c40-a768-c25b14bda695	MENSUALIDAD	Mensualidad 03/2026	130000.00	3	2026-01-31	2026-03-31	PENDIENTE
3aed4de8-edce-49d6-bce6-f9bea09872f6	19e0d101-6c17-4e3a-bdfa-7005d3316e44	be43b0d5-0add-4c40-a768-c25b14bda695	MENSUALIDAD	Mensualidad 04/2026	130000.00	4	2026-01-31	2026-04-30	PENDIENTE
b43699d6-5f01-468e-bc7a-35acc957195a	aa9555ac-e26d-4578-8d87-f452921a1071	be43b0d5-0add-4c40-a768-c25b14bda695	MENSUALIDAD	Mensualidad 02/2026	110000.00	2	2026-01-31	2026-02-28	PENDIENTE
2aacb197-1d41-49d5-ad64-f49831393c84	aa9555ac-e26d-4578-8d87-f452921a1071	be43b0d5-0add-4c40-a768-c25b14bda695	MENSUALIDAD	Mensualidad 03/2026	110000.00	3	2026-01-31	2026-03-31	PENDIENTE
32e433b7-0f70-4e38-a022-38193f392488	14632786-93fa-409f-80ff-4164507da2e9	be43b0d5-0add-4c40-a768-c25b14bda695	MENSUALIDAD	Mensualidad 02/2026	130000.00	2	2026-01-31	2026-02-28	PENDIENTE
9da5b104-0825-4904-ab26-b369785c9ea4	14632786-93fa-409f-80ff-4164507da2e9	be43b0d5-0add-4c40-a768-c25b14bda695	MENSUALIDAD	Mensualidad 03/2026	130000.00	3	2026-01-31	2026-03-31	PENDIENTE
73dd1403-83f1-4875-8edc-df80b92e65c4	99549ba2-e6f9-4235-b434-d490d918d53c	be43b0d5-0add-4c40-a768-c25b14bda695	MENSUALIDAD	Mensualidad 02/2026	110000.00	2	2026-01-31	2026-02-28	PENDIENTE
35607c3e-bb31-4fb4-9ae4-7542372326e5	99549ba2-e6f9-4235-b434-d490d918d53c	be43b0d5-0add-4c40-a768-c25b14bda695	MENSUALIDAD	Mensualidad 03/2026	110000.00	3	2026-01-31	2026-03-31	PENDIENTE
e0b983fa-f9c7-4929-85b7-028004750de9	8c0fe06c-29b1-40d4-bd41-51bbcff656ed	be43b0d5-0add-4c40-a768-c25b14bda695	MENSUALIDAD	Mensualidad 02/2026	130000.00	2	2026-01-31	2026-02-28	PENDIENTE
4aa36669-50f7-4656-87f7-32bd67e4a04c	8c0fe06c-29b1-40d4-bd41-51bbcff656ed	be43b0d5-0add-4c40-a768-c25b14bda695	MENSUALIDAD	Mensualidad 03/2026	130000.00	3	2026-01-31	2026-03-31	PENDIENTE
377a549e-fa70-4a6b-b43c-a16d5be2da62	8c0fe06c-29b1-40d4-bd41-51bbcff656ed	be43b0d5-0add-4c40-a768-c25b14bda695	MENSUALIDAD	Mensualidad 04/2026	130000.00	4	2026-01-31	2026-04-30	PENDIENTE
a8df3176-3270-4ce2-8c45-76b328982c0a	c845c08a-464d-4093-aae7-1487093a3cc0	be43b0d5-0add-4c40-a768-c25b14bda695	MENSUALIDAD	Mensualidad 02/2026	110000.00	2	2026-01-31	2026-02-28	PENDIENTE
7d7a79ab-c1a0-4003-9514-adc4703900c5	c845c08a-464d-4093-aae7-1487093a3cc0	be43b0d5-0add-4c40-a768-c25b14bda695	MENSUALIDAD	Mensualidad 03/2026	110000.00	3	2026-01-31	2026-03-31	PENDIENTE
082002ee-94ff-4800-b183-30dc75c654c3	b431d636-93b9-4d54-b226-bd0352980050	be43b0d5-0add-4c40-a768-c25b14bda695	MENSUALIDAD	Mensualidad 02/2026	130000.00	2	2026-01-31	2026-02-28	PENDIENTE
a071b726-d736-4379-bdc7-f9946ed91101	b431d636-93b9-4d54-b226-bd0352980050	be43b0d5-0add-4c40-a768-c25b14bda695	MENSUALIDAD	Mensualidad 03/2026	130000.00	3	2026-01-31	2026-03-31	PENDIENTE
d3d04f77-9883-40fa-aba9-802f60c9593c	7a4e53ac-cc71-42ad-8329-56e4df84f447	be43b0d5-0add-4c40-a768-c25b14bda695	MENSUALIDAD	Mensualidad 02/2026	130000.00	2	2026-01-31	2026-02-28	PENDIENTE
ea7dea77-2756-43a2-9481-74f988b44685	7a4e53ac-cc71-42ad-8329-56e4df84f447	be43b0d5-0add-4c40-a768-c25b14bda695	MENSUALIDAD	Mensualidad 03/2026	130000.00	3	2026-01-31	2026-03-31	PENDIENTE
504db2c5-590b-48dd-bf42-bcae2e0215a8	7a9e5bbb-55b6-4891-a66a-aad3e74301d3	be43b0d5-0add-4c40-a768-c25b14bda695	MENSUALIDAD	Mensualidad 02/2026	130000.00	2	2026-01-31	2026-02-28	PENDIENTE
a226a7c4-6d93-416b-8696-5813ae91a251	7a9e5bbb-55b6-4891-a66a-aad3e74301d3	be43b0d5-0add-4c40-a768-c25b14bda695	MENSUALIDAD	Mensualidad 03/2026	130000.00	3	2026-01-31	2026-03-31	PENDIENTE
66313d73-37bd-40b3-a853-95a9b7b5f243	3209073c-aefc-4cd8-b2ce-6c31005ca51a	be43b0d5-0add-4c40-a768-c25b14bda695	MENSUALIDAD	Mensualidad 02/2026	110000.00	2	2026-01-31	2026-02-28	PENDIENTE
33620751-7e73-4f1d-a390-9778f13a1bd5	3209073c-aefc-4cd8-b2ce-6c31005ca51a	be43b0d5-0add-4c40-a768-c25b14bda695	MENSUALIDAD	Mensualidad 03/2026	110000.00	3	2026-01-31	2026-03-31	PENDIENTE
5b4a4662-9a69-45f3-baa5-17cc2ce9008b	7df0b448-0124-4756-b0b3-3e218c284ba1	be43b0d5-0add-4c40-a768-c25b14bda695	MENSUALIDAD	Mensualidad 02/2026	130000.00	2	2026-01-31	2026-02-28	PENDIENTE
e93f2d5c-6af3-492d-86fd-4cb6bdfba8ce	7df0b448-0124-4756-b0b3-3e218c284ba1	be43b0d5-0add-4c40-a768-c25b14bda695	MENSUALIDAD	Mensualidad 03/2026	130000.00	3	2026-01-31	2026-03-31	PENDIENTE
3e876056-3019-4a7d-9142-2ba66ed76826	7df0b448-0124-4756-b0b3-3e218c284ba1	be43b0d5-0add-4c40-a768-c25b14bda695	MENSUALIDAD	Mensualidad 04/2026	130000.00	4	2026-01-31	2026-04-30	PENDIENTE
1664f2ba-b85c-4e2b-95b7-f0806ebdebfd	b9bff51b-e857-4ea9-b435-41238c54300a	be43b0d5-0add-4c40-a768-c25b14bda695	MENSUALIDAD	Mensualidad 02/2026	130000.00	2	2026-01-31	2026-02-28	PENDIENTE
41ff8349-f9c4-46d2-b422-e6ed480bf84c	b9bff51b-e857-4ea9-b435-41238c54300a	be43b0d5-0add-4c40-a768-c25b14bda695	MENSUALIDAD	Mensualidad 03/2026	130000.00	3	2026-01-31	2026-03-31	PENDIENTE
832b35b1-6d43-4791-b2ba-476ed0e7d67a	9fe5384a-f747-4d49-841c-8fc3147fe360	be43b0d5-0add-4c40-a768-c25b14bda695	MENSUALIDAD	Mensualidad 02/2026	130000.00	2	2026-01-31	2026-02-28	PENDIENTE
19fb5642-40ac-4a92-a6bc-84e94f10664a	9fe5384a-f747-4d49-841c-8fc3147fe360	be43b0d5-0add-4c40-a768-c25b14bda695	MENSUALIDAD	Mensualidad 03/2026	130000.00	3	2026-01-31	2026-03-31	PENDIENTE
4c37820a-2fb9-4024-89e2-fd2dd1e9cd30	d130ffd2-5559-4d2b-be2e-f6e5c2f2ab36	be43b0d5-0add-4c40-a768-c25b14bda695	MENSUALIDAD	Mensualidad 02/2026	130000.00	2	2026-01-31	2026-02-28	PENDIENTE
7341377b-e627-4e41-9a25-8b8767047e97	d130ffd2-5559-4d2b-be2e-f6e5c2f2ab36	be43b0d5-0add-4c40-a768-c25b14bda695	MENSUALIDAD	Mensualidad 03/2026	130000.00	3	2026-01-31	2026-03-31	PENDIENTE
127e2c3d-5c64-48cb-b263-21c2e3849e94	83592adf-b62a-4983-96a9-2c02e6f3c748	be43b0d5-0add-4c40-a768-c25b14bda695	MENSUALIDAD	Mensualidad 02/2026	130000.00	2	2026-01-31	2026-02-28	PENDIENTE
d714a3bd-eb59-40c3-b3b2-98824cd51afc	83592adf-b62a-4983-96a9-2c02e6f3c748	be43b0d5-0add-4c40-a768-c25b14bda695	MENSUALIDAD	Mensualidad 03/2026	130000.00	3	2026-01-31	2026-03-31	PENDIENTE
2a5b07df-5950-431e-b6b1-9dd3da9c87f1	266b6414-55b3-47fc-82a2-b7cbf9be7c9b	be43b0d5-0add-4c40-a768-c25b14bda695	MENSUALIDAD	Mensualidad 02/2026	130000.00	2	2026-01-31	2026-02-28	PENDIENTE
697d7762-c7cc-458f-95da-98918c7b8220	266b6414-55b3-47fc-82a2-b7cbf9be7c9b	be43b0d5-0add-4c40-a768-c25b14bda695	MENSUALIDAD	Mensualidad 03/2026	130000.00	3	2026-01-31	2026-03-31	PENDIENTE
6bf0d648-4dff-4a3e-b642-7468b796f642	ede02fb6-47ae-4d64-bba3-b2a9db778b7c	be43b0d5-0add-4c40-a768-c25b14bda695	MENSUALIDAD	Mensualidad 02/2026	110000.00	2	2026-01-31	2026-02-28	PENDIENTE
766538b2-ece0-4a51-ba42-cb4b83652e2c	ede02fb6-47ae-4d64-bba3-b2a9db778b7c	be43b0d5-0add-4c40-a768-c25b14bda695	MENSUALIDAD	Mensualidad 03/2026	110000.00	3	2026-01-31	2026-03-31	PENDIENTE
a36b43df-0fcd-4d79-b488-7fb4eb674060	ede02fb6-47ae-4d64-bba3-b2a9db778b7c	be43b0d5-0add-4c40-a768-c25b14bda695	MENSUALIDAD	Mensualidad 04/2026	110000.00	4	2026-01-31	2026-04-30	PENDIENTE
ebe21c1c-551f-49b2-8c25-f27a70d27c3e	e5fa2302-b458-4420-91f1-db72e33e96f9	be43b0d5-0add-4c40-a768-c25b14bda695	MENSUALIDAD	Mensualidad 02/2026	130000.00	2	2026-01-31	2026-02-28	PENDIENTE
b86fdc82-7f39-4232-8456-28e72b25a027	e5fa2302-b458-4420-91f1-db72e33e96f9	be43b0d5-0add-4c40-a768-c25b14bda695	MENSUALIDAD	Mensualidad 03/2026	130000.00	3	2026-01-31	2026-03-31	PENDIENTE
abc7255f-7e87-46ca-bdf4-346df8da9f25	e5fa2302-b458-4420-91f1-db72e33e96f9	be43b0d5-0add-4c40-a768-c25b14bda695	MENSUALIDAD	Mensualidad 04/2026	130000.00	4	2026-01-31	2026-04-30	PENDIENTE
3a0ee5f3-e78c-40d5-9824-548e69474269	cc39a88c-462b-4fae-ae03-81dc8bd30945	be43b0d5-0add-4c40-a768-c25b14bda695	MENSUALIDAD	Mensualidad 02/2026	90000.00	2	2026-01-31	2026-02-28	PENDIENTE
a938eaa3-ac54-44c6-b540-666c98896122	cc39a88c-462b-4fae-ae03-81dc8bd30945	be43b0d5-0add-4c40-a768-c25b14bda695	MENSUALIDAD	Mensualidad 03/2026	90000.00	3	2026-01-31	2026-03-31	PENDIENTE
251f1e5a-fc72-4180-b885-6174db485b57	cc39a88c-462b-4fae-ae03-81dc8bd30945	be43b0d5-0add-4c40-a768-c25b14bda695	MENSUALIDAD	Mensualidad 04/2026	90000.00	4	2026-01-31	2026-04-30	PENDIENTE
9d0af4e2-12a9-4810-b23c-878581158d34	a9180ed1-6613-498f-9efb-1d98325527bc	be43b0d5-0add-4c40-a768-c25b14bda695	MENSUALIDAD	Mensualidad 02/2026	110000.00	2	2026-01-31	2026-02-28	PENDIENTE
e6c0930e-ba32-4854-8225-514edc40274b	a9180ed1-6613-498f-9efb-1d98325527bc	be43b0d5-0add-4c40-a768-c25b14bda695	MENSUALIDAD	Mensualidad 03/2026	110000.00	3	2026-01-31	2026-03-31	PENDIENTE
dc40f490-e4d4-402f-b764-dc8bc8eca7b8	d62be19d-230d-4461-acf9-07b24818d92b	be43b0d5-0add-4c40-a768-c25b14bda695	MENSUALIDAD	Mensualidad 02/2026	110000.00	2	2026-01-31	2026-02-28	PENDIENTE
59ab9ee8-04e8-4b6b-b9e3-c468ef7e05c1	d62be19d-230d-4461-acf9-07b24818d92b	be43b0d5-0add-4c40-a768-c25b14bda695	MENSUALIDAD	Mensualidad 03/2026	110000.00	3	2026-01-31	2026-03-31	PENDIENTE
f784a284-e4df-4b4f-89ea-4bdd94d07707	d62be19d-230d-4461-acf9-07b24818d92b	be43b0d5-0add-4c40-a768-c25b14bda695	MENSUALIDAD	Mensualidad 04/2026	110000.00	4	2026-01-31	2026-04-30	PENDIENTE
c2a1b5e1-8d6b-439e-8ba8-86c505bb7ea5	1b9c08e0-044e-462e-996c-06871ff27449	be43b0d5-0add-4c40-a768-c25b14bda695	MENSUALIDAD	Mensualidad 02/2026	130000.00	2	2026-01-31	2026-02-28	PENDIENTE
ff3e74a9-9cc5-42ef-9473-55df21be3fdb	1b9c08e0-044e-462e-996c-06871ff27449	be43b0d5-0add-4c40-a768-c25b14bda695	MENSUALIDAD	Mensualidad 03/2026	130000.00	3	2026-01-31	2026-03-31	PENDIENTE
9512bf70-d34b-4cfc-88d9-774fe577a779	1b9c08e0-044e-462e-996c-06871ff27449	be43b0d5-0add-4c40-a768-c25b14bda695	MENSUALIDAD	Mensualidad 04/2026	130000.00	4	2026-01-31	2026-04-30	PENDIENTE
b781d7d6-c658-47e2-b58e-87a6b29e0a80	87392d36-f8e7-4469-80ea-477dfddf6b69	be43b0d5-0add-4c40-a768-c25b14bda695	MENSUALIDAD	Mensualidad 02/2026	90000.00	2	2026-01-31	2026-02-28	PENDIENTE
d4b1541d-7450-4796-bcb2-ff9cc22c6c95	87392d36-f8e7-4469-80ea-477dfddf6b69	be43b0d5-0add-4c40-a768-c25b14bda695	MENSUALIDAD	Mensualidad 03/2026	90000.00	3	2026-01-31	2026-03-31	PENDIENTE
ed997f27-0c64-41db-b350-2329f368a353	05be08b0-cba1-4981-9654-a417bd6080e8	be43b0d5-0add-4c40-a768-c25b14bda695	MENSUALIDAD	Mensualidad 02/2026	110000.00	2	2026-01-31	2026-02-28	PENDIENTE
997d8f2c-ab72-4a9b-82bc-2d7f271c6694	05be08b0-cba1-4981-9654-a417bd6080e8	be43b0d5-0add-4c40-a768-c25b14bda695	MENSUALIDAD	Mensualidad 03/2026	110000.00	3	2026-01-31	2026-03-31	PENDIENTE
a1246669-fa00-4ea7-b533-fd8ce7f6e467	f18ad835-6e57-49a6-8f20-f61096e2fe6d	be43b0d5-0add-4c40-a768-c25b14bda695	MENSUALIDAD	Mensualidad 02/2026	90000.00	2	2026-01-31	2026-02-28	PENDIENTE
16298ec0-67ba-451f-9a51-b70d7d557b0d	f18ad835-6e57-49a6-8f20-f61096e2fe6d	be43b0d5-0add-4c40-a768-c25b14bda695	MENSUALIDAD	Mensualidad 03/2026	90000.00	3	2026-01-31	2026-03-31	PENDIENTE
e6d58bf1-7bc7-4af1-a2f4-33f2eafba096	78ebfbb0-f2ac-413d-ad6e-f40c6595885f	be43b0d5-0add-4c40-a768-c25b14bda695	MENSUALIDAD	Mensualidad 02/2026	90000.00	2	2026-01-31	2026-02-28	PENDIENTE
05c7cba5-0693-443a-b1ef-ef4a83163ec7	78ebfbb0-f2ac-413d-ad6e-f40c6595885f	be43b0d5-0add-4c40-a768-c25b14bda695	MENSUALIDAD	Mensualidad 03/2026	90000.00	3	2026-01-31	2026-03-31	PENDIENTE
68308037-2d33-489b-af85-740518ff3bd6	2b587cc1-62bd-4ff0-a1f1-3a4b69ed130c	be43b0d5-0add-4c40-a768-c25b14bda695	MENSUALIDAD	Mensualidad 02/2026	90000.00	2	2026-01-31	2026-02-28	PENDIENTE
7ae886fa-a7e2-40ae-9195-72307d4db677	2b587cc1-62bd-4ff0-a1f1-3a4b69ed130c	be43b0d5-0add-4c40-a768-c25b14bda695	MENSUALIDAD	Mensualidad 03/2026	90000.00	3	2026-01-31	2026-03-31	PENDIENTE
0f2fd58a-6b36-452c-b93b-1925d548f5b4	a5326ca3-4d4c-4859-8827-d43acf63b5c3	be43b0d5-0add-4c40-a768-c25b14bda695	MENSUALIDAD	Mensualidad 02/2026	110000.00	2	2026-01-31	2026-02-28	PENDIENTE
1108aa5f-511e-40e9-b241-a410feba5335	a5326ca3-4d4c-4859-8827-d43acf63b5c3	be43b0d5-0add-4c40-a768-c25b14bda695	MENSUALIDAD	Mensualidad 03/2026	110000.00	3	2026-01-31	2026-03-31	PENDIENTE
abf1ba3c-9580-4b51-8bc2-f1fc233de7f8	139114a2-af3d-4752-ad0a-e6c3858a7614	be43b0d5-0add-4c40-a768-c25b14bda695	MENSUALIDAD	Mensualidad 02/2026	110000.00	2	2026-01-31	2026-02-28	PENDIENTE
d0c9c2b8-3563-437b-8a72-5f9e9d9b5eb0	139114a2-af3d-4752-ad0a-e6c3858a7614	be43b0d5-0add-4c40-a768-c25b14bda695	MENSUALIDAD	Mensualidad 03/2026	110000.00	3	2026-01-31	2026-03-31	PENDIENTE
f4f9c999-4f2c-4a3f-8543-1456c8f30f50	70ccf3c2-db19-4460-86f0-ca7001edebf9	be43b0d5-0add-4c40-a768-c25b14bda695	MENSUALIDAD	Mensualidad 02/2026	110000.00	2	2026-01-31	2026-02-28	PENDIENTE
d195079e-efb0-48c3-be25-21cbd1eec619	70ccf3c2-db19-4460-86f0-ca7001edebf9	be43b0d5-0add-4c40-a768-c25b14bda695	MENSUALIDAD	Mensualidad 03/2026	110000.00	3	2026-01-31	2026-03-31	PENDIENTE
d0fc24ca-68a1-4806-90a0-4c766c55b76a	a574499c-0abc-41ed-9933-076976d0dbfd	be43b0d5-0add-4c40-a768-c25b14bda695	MENSUALIDAD	Mensualidad 02/2026	110000.00	2	2026-01-31	2026-02-28	PENDIENTE
a755bce3-b881-4a2f-8f5d-1d5b0c3f4312	a574499c-0abc-41ed-9933-076976d0dbfd	be43b0d5-0add-4c40-a768-c25b14bda695	MENSUALIDAD	Mensualidad 03/2026	110000.00	3	2026-01-31	2026-03-31	PENDIENTE
813ec196-4d4d-47cb-8d04-0f787ccb96e5	a574499c-0abc-41ed-9933-076976d0dbfd	be43b0d5-0add-4c40-a768-c25b14bda695	MENSUALIDAD	Mensualidad 04/2026	110000.00	4	2026-01-31	2026-04-30	PENDIENTE
cbb38b28-78ec-409d-a14a-d092127be544	aca318a3-5af3-4447-b262-23aa083130d3	be43b0d5-0add-4c40-a768-c25b14bda695	MENSUALIDAD	Mensualidad 02/2026	110000.00	2	2026-01-31	2026-02-28	PENDIENTE
104b78dd-0c55-4a95-8ee4-40d20b984157	aca318a3-5af3-4447-b262-23aa083130d3	be43b0d5-0add-4c40-a768-c25b14bda695	MENSUALIDAD	Mensualidad 03/2026	110000.00	3	2026-01-31	2026-03-31	PENDIENTE
02069fba-e53f-44fb-96eb-17a42384fc28	4e5e26e3-652f-4cff-b40b-762b41073972	be43b0d5-0add-4c40-a768-c25b14bda695	MENSUALIDAD	Mensualidad 02/2026	90000.00	2	2026-01-31	2026-02-28	PENDIENTE
cbcfda1f-81e5-43ba-b3c5-38434b8f31bb	4e5e26e3-652f-4cff-b40b-762b41073972	be43b0d5-0add-4c40-a768-c25b14bda695	MENSUALIDAD	Mensualidad 03/2026	90000.00	3	2026-01-31	2026-03-31	PENDIENTE
fd8621ec-1aa5-4358-9961-5d324df3a914	4e5e26e3-652f-4cff-b40b-762b41073972	be43b0d5-0add-4c40-a768-c25b14bda695	MENSUALIDAD	Mensualidad 04/2026	90000.00	4	2026-01-31	2026-04-30	PENDIENTE
4b0a4dbb-cd87-4bbf-9cdc-ebdfbfd2562d	106bbaac-ab67-4067-bdb0-e8cab6feb377	be43b0d5-0add-4c40-a768-c25b14bda695	MENSUALIDAD	Mensualidad 02/2026	110000.00	2	2026-01-31	2026-02-28	PENDIENTE
d71c65c7-18b4-4f9b-8027-bf49007d86f1	106bbaac-ab67-4067-bdb0-e8cab6feb377	be43b0d5-0add-4c40-a768-c25b14bda695	MENSUALIDAD	Mensualidad 03/2026	110000.00	3	2026-01-31	2026-03-31	PENDIENTE
657674c2-9564-4d75-a444-a2a13ba39ad1	3b7cd194-5cff-48c9-8585-9a217151c901	be43b0d5-0add-4c40-a768-c25b14bda695	MENSUALIDAD	Mensualidad 02/2026	110000.00	2	2026-01-31	2026-02-28	PENDIENTE
e067779b-76f8-4b7d-bf89-bce567ee76b8	3b7cd194-5cff-48c9-8585-9a217151c901	be43b0d5-0add-4c40-a768-c25b14bda695	MENSUALIDAD	Mensualidad 03/2026	110000.00	3	2026-01-31	2026-03-31	PENDIENTE
db72e944-5cad-43e3-ac6d-5672003b8bc5	ade34b27-dd54-4c5e-b9b8-ae64f95ea3a8	be43b0d5-0add-4c40-a768-c25b14bda695	MENSUALIDAD	Mensualidad 02/2026	110000.00	2	2026-01-31	2026-02-28	PENDIENTE
c1c95927-3213-4e82-90c2-da708a378737	ade34b27-dd54-4c5e-b9b8-ae64f95ea3a8	be43b0d5-0add-4c40-a768-c25b14bda695	MENSUALIDAD	Mensualidad 03/2026	110000.00	3	2026-01-31	2026-03-31	PENDIENTE
b398fe66-d831-4f02-960f-d80278687ebb	ade34b27-dd54-4c5e-b9b8-ae64f95ea3a8	be43b0d5-0add-4c40-a768-c25b14bda695	MENSUALIDAD	Mensualidad 04/2026	110000.00	4	2026-01-31	2026-04-30	PENDIENTE
3f70fe5d-e1d7-406c-85a6-f8e9e8951a62	bcd335ff-9395-40de-be7a-807f3635759c	be43b0d5-0add-4c40-a768-c25b14bda695	MENSUALIDAD	Mensualidad 02/2026	130000.00	2	2026-01-31	2026-02-28	PENDIENTE
3bbe7750-70d8-4a55-ae1d-5fc668b062d0	bcd335ff-9395-40de-be7a-807f3635759c	be43b0d5-0add-4c40-a768-c25b14bda695	MENSUALIDAD	Mensualidad 03/2026	130000.00	3	2026-01-31	2026-03-31	PENDIENTE
ac68bd96-10a8-4003-8f91-a3a41eafd62d	5d14066f-2501-467d-9682-afc43cb3b6c6	be43b0d5-0add-4c40-a768-c25b14bda695	MENSUALIDAD	Mensualidad 02/2026	130000.00	2	2026-01-31	2026-02-28	PENDIENTE
7d8819d5-93e9-463f-9fb8-7118290fc6c3	5d14066f-2501-467d-9682-afc43cb3b6c6	be43b0d5-0add-4c40-a768-c25b14bda695	MENSUALIDAD	Mensualidad 03/2026	130000.00	3	2026-01-31	2026-03-31	PENDIENTE
d8d3026d-9f61-43d4-80b9-dc55309cb52f	5d14066f-2501-467d-9682-afc43cb3b6c6	be43b0d5-0add-4c40-a768-c25b14bda695	MENSUALIDAD	Mensualidad 04/2026	130000.00	4	2026-01-31	2026-04-30	PENDIENTE
44af08ec-4ce3-4a88-9b12-dc23c7a8a3cf	7cef42cb-4daa-4b4f-91b4-ed3c732c88c4	be43b0d5-0add-4c40-a768-c25b14bda695	MENSUALIDAD	Mensualidad 02/2026	90000.00	2	2026-01-31	2026-02-28	PENDIENTE
29086fba-329a-4f35-8c74-787fac027027	7cef42cb-4daa-4b4f-91b4-ed3c732c88c4	be43b0d5-0add-4c40-a768-c25b14bda695	MENSUALIDAD	Mensualidad 03/2026	90000.00	3	2026-01-31	2026-03-31	PENDIENTE
5180dc88-e77c-4477-a7f9-30af5d4cdc56	fed3d7d3-a00f-4da1-aee7-9c135084da11	be43b0d5-0add-4c40-a768-c25b14bda695	MENSUALIDAD	Mensualidad 02/2026	110000.00	2	2026-01-31	2026-02-28	PENDIENTE
1789a658-4c05-4460-96d1-eb9137aa0afd	fed3d7d3-a00f-4da1-aee7-9c135084da11	be43b0d5-0add-4c40-a768-c25b14bda695	MENSUALIDAD	Mensualidad 03/2026	110000.00	3	2026-01-31	2026-03-31	PENDIENTE
d15f9b23-3d53-4252-88e6-2f5ce7a08f90	12bd075f-9f78-4668-860c-a00723cbbf77	be43b0d5-0add-4c40-a768-c25b14bda695	MENSUALIDAD	Mensualidad 02/2026	110000.00	2	2026-01-31	2026-02-28	PENDIENTE
2ef09ff8-14cd-4d9c-96ad-ca74c040d3a9	12bd075f-9f78-4668-860c-a00723cbbf77	be43b0d5-0add-4c40-a768-c25b14bda695	MENSUALIDAD	Mensualidad 03/2026	110000.00	3	2026-01-31	2026-03-31	PENDIENTE
d3116b15-5fc2-4eda-b2f6-d55c35c75bdf	06012788-d6f9-40f9-b500-3c62d270728b	be43b0d5-0add-4c40-a768-c25b14bda695	MENSUALIDAD	Mensualidad 02/2026	90000.00	2	2026-01-31	2026-02-28	PENDIENTE
d48ed308-9abb-4e04-ace9-cd64d7832146	06012788-d6f9-40f9-b500-3c62d270728b	be43b0d5-0add-4c40-a768-c25b14bda695	MENSUALIDAD	Mensualidad 03/2026	90000.00	3	2026-01-31	2026-03-31	PENDIENTE
126fad26-9593-4755-85c8-85207fc39038	fea2bf08-a7c4-4bfb-9d45-09e9e1daf469	be43b0d5-0add-4c40-a768-c25b14bda695	MENSUALIDAD	Mensualidad 02/2026	110000.00	2	2026-01-31	2026-02-28	PENDIENTE
b5930178-a66f-4e02-910d-5c7ff0a8e76f	fea2bf08-a7c4-4bfb-9d45-09e9e1daf469	be43b0d5-0add-4c40-a768-c25b14bda695	MENSUALIDAD	Mensualidad 03/2026	110000.00	3	2026-01-31	2026-03-31	PENDIENTE
4d089cbe-8ae1-4568-8d90-bcad43786eaf	fea2bf08-a7c4-4bfb-9d45-09e9e1daf469	be43b0d5-0add-4c40-a768-c25b14bda695	MENSUALIDAD	Mensualidad 04/2026	110000.00	4	2026-01-31	2026-04-30	PENDIENTE
6f27e803-0127-4981-af67-c62da61e1896	55f09a46-9f15-4f1a-ba75-e71d488ffda1	be43b0d5-0add-4c40-a768-c25b14bda695	MENSUALIDAD	Mensualidad 02/2026	110000.00	2	2026-01-31	2026-02-28	PENDIENTE
99152b19-7b49-41b3-9234-6b331c0bc8c5	55f09a46-9f15-4f1a-ba75-e71d488ffda1	be43b0d5-0add-4c40-a768-c25b14bda695	MENSUALIDAD	Mensualidad 03/2026	110000.00	3	2026-01-31	2026-03-31	PENDIENTE
931d1cb1-7483-4c7c-bf98-c60a2b58cb36	55f09a46-9f15-4f1a-ba75-e71d488ffda1	be43b0d5-0add-4c40-a768-c25b14bda695	MENSUALIDAD	Mensualidad 04/2026	110000.00	4	2026-01-31	2026-04-30	PENDIENTE
791042e1-7fb4-4bbf-b22b-68d908e90169	58eb40d1-a2f8-464d-ab2f-09d551b46eb8	be43b0d5-0add-4c40-a768-c25b14bda695	MENSUALIDAD	Mensualidad 02/2026	110000.00	2	2026-01-31	2026-02-28	PENDIENTE
f63183a1-975d-4f44-881a-3c091861a82d	58eb40d1-a2f8-464d-ab2f-09d551b46eb8	be43b0d5-0add-4c40-a768-c25b14bda695	MENSUALIDAD	Mensualidad 03/2026	110000.00	3	2026-01-31	2026-03-31	PENDIENTE
24952cd4-ed92-4b9c-8e5b-0f253f10d1e6	8d49dde7-acbc-4d03-a139-9aa875bc8260	be43b0d5-0add-4c40-a768-c25b14bda695	MENSUALIDAD	Mensualidad 02/2026	110000.00	2	2026-01-31	2026-02-28	PENDIENTE
eeaf2cfa-cdd7-4d3a-89d1-6ea7d9153bf2	8d49dde7-acbc-4d03-a139-9aa875bc8260	be43b0d5-0add-4c40-a768-c25b14bda695	MENSUALIDAD	Mensualidad 03/2026	110000.00	3	2026-01-31	2026-03-31	PENDIENTE
343a39b0-5226-4e4c-8608-12555d043787	39a960ea-f252-4038-ad8e-a1e4aa2eee5f	be43b0d5-0add-4c40-a768-c25b14bda695	MENSUALIDAD	Mensualidad 02/2026	130000.00	2	2026-01-31	2026-02-28	PENDIENTE
f745af48-7214-402e-9f6f-0bd4b5307782	39a960ea-f252-4038-ad8e-a1e4aa2eee5f	be43b0d5-0add-4c40-a768-c25b14bda695	MENSUALIDAD	Mensualidad 03/2026	130000.00	3	2026-01-31	2026-03-31	PENDIENTE
8d00bf6b-1643-4225-afe5-67a43d40e046	ac7f62ce-a4bb-4b64-99e1-986d70252a7a	be43b0d5-0add-4c40-a768-c25b14bda695	MENSUALIDAD	Mensualidad 02/2026	90000.00	2	2026-01-31	2026-02-28	PENDIENTE
0d4cb2ac-552b-4758-818e-92738d2e24ea	ac7f62ce-a4bb-4b64-99e1-986d70252a7a	be43b0d5-0add-4c40-a768-c25b14bda695	MENSUALIDAD	Mensualidad 03/2026	90000.00	3	2026-01-31	2026-03-31	PENDIENTE
14292e40-e998-4206-a2f8-1dc32d6fcebb	ac7f62ce-a4bb-4b64-99e1-986d70252a7a	be43b0d5-0add-4c40-a768-c25b14bda695	MENSUALIDAD	Mensualidad 04/2026	90000.00	4	2026-01-31	2026-04-30	PENDIENTE
03218898-056c-4ab1-842b-cef0777411d0	4cdc51d3-0233-41fa-9dff-a3380bd5e3a6	be43b0d5-0add-4c40-a768-c25b14bda695	MENSUALIDAD	Mensualidad 02/2026	90000.00	2	2026-01-31	2026-02-28	PENDIENTE
ae4f1706-c717-457e-9523-d7f15ce46d71	4cdc51d3-0233-41fa-9dff-a3380bd5e3a6	be43b0d5-0add-4c40-a768-c25b14bda695	MENSUALIDAD	Mensualidad 03/2026	90000.00	3	2026-01-31	2026-03-31	PENDIENTE
504b1378-c99d-4c21-8cce-65b755eda4c7	adce0644-3f35-43b3-b9d8-75aea88951b8	be43b0d5-0add-4c40-a768-c25b14bda695	MENSUALIDAD	Mensualidad 02/2026	130000.00	2	2026-01-31	2026-02-28	PENDIENTE
e78fdb14-1d4d-45c9-8a5f-6735bf88d837	adce0644-3f35-43b3-b9d8-75aea88951b8	be43b0d5-0add-4c40-a768-c25b14bda695	MENSUALIDAD	Mensualidad 03/2026	130000.00	3	2026-01-31	2026-03-31	PENDIENTE
\.


--
-- Data for Name: estudiantes; Type: TABLE DATA; Schema: public; Owner: postgres
--

COPY public.estudiantes (id, nombre_completo, identificacion, fecha_nacimiento, genero, activo) FROM stdin;
2b587cc1-62bd-4ff0-a1f1-3a4b69ed130c	Adrián Luna Sánchez	702127796	2021-07-19	M	t
0dbad131-e40d-4a2e-b32f-df62c6baeb0e	Adrián Rojas Ríos	915085222	2020-03-20	M	t
3209073c-aefc-4cd8-b2ce-6c31005ca51a	Alicia Mendoza Acosta	615220863	2015-06-12	F	t
12bd075f-9f78-4668-860c-a00723cbbf77	Andrés Muñoz Gómez	902132095	2019-10-10	M	t
55f09a46-9f15-4f1a-ba75-e71d488ffda1	Bernardo Cárdenas Herrera	203921513	2017-06-28	M	t
ac7f62ce-a4bb-4b64-99e1-986d70252a7a	Carmen Ramírez Ramos	917881631	2022-04-02	F	t
b431d636-93b9-4d54-b226-bd0352980050	Carolina González Álvarez	504566466	2013-06-24	F	t
dadd72b1-356a-4a4d-8fa2-300f9cf5f952	Cristian Santana Flores	919736807	2020-01-17	M	t
5364bae6-dae1-4095-bf7a-4a9e179638ca	César Santana López	702366268	2015-03-27	M	t
ca3ec132-4ca0-4561-9471-11c369356d0c	César Torres Muñoz	917096924	2013-04-07	M	t
9392d401-caa3-4bb9-8b08-17a645874c6a	David Delgado Álvarez	701042822	2012-11-16	M	t
afca2472-d2d1-4b77-ad67-dfbb5afd0629	David Ramos Díaz	415076429	2018-09-10	M	t
8d49dde7-acbc-4d03-a139-9aa875bc8260	Diana Bravo Vargas	200617339	2016-10-06	F	t
de786e66-41c9-42fc-a1f1-16660a6d538f	Diana Rojas Flores	904701392	2014-08-26	F	t
4e5e26e3-652f-4cff-b40b-762b41073972	Diana Salazar Ramírez	609172726	2021-10-29	F	t
53f3c2d2-6b02-40c2-a3db-8b285ab4142f	Diego Mora Medina	609138644	2016-05-08	M	t
fed3d7d3-a00f-4da1-aee7-9c135084da11	Diego Salazar Rivera	917845944	2018-01-11	M	t
83592adf-b62a-4983-96a9-2c02e6f3c748	Eduardo Aguilar Bravo	917533898	2012-09-25	M	t
d5c0cb1b-ad2f-4e15-b09d-698839dce2ea	Elena Cruz Pérez	915839488	2015-11-02	F	t
a9180ed1-6613-498f-9efb-1d98325527bc	Ernesto Morales Aguilar	109729915	2017-08-05	M	t
f60c0328-b560-4590-9405-f08fa5345a8b	Eva Ortega Lara	215127216	2018-04-11	F	t
94f75594-3b3f-40ca-b75d-be74bc5acd71	Florencia Ramírez Álvarez	316642614	2019-11-09	F	t
8c0fe06c-29b1-40d4-bd41-51bbcff656ed	Francisco Delgado Ramos	202082074	2012-10-19	M	t
14632786-93fa-409f-80ff-4164507da2e9	Gabriel Ruiz Martínez	915759024	2013-06-03	M	t
05be08b0-cba1-4981-9654-a417bd6080e8	Gonzalo Domínguez Torres	810797063	2018-09-23	M	t
106bbaac-ab67-4067-bdb0-e8cab6feb377	Gonzalo Jiménez Martínez	100085640	2016-04-11	M	t
61d4d01c-51b9-44f9-8509-fea6c45890c6	Graciela Castillo Contreras	901651187	2022-02-02	F	t
a86ec751-3af6-4c38-8d48-f4a85d59bd93	Héctor Contreras Martínez	618065121	2014-11-18	M	t
e9a4912a-2848-4180-ab5d-f40768dd051c	Héctor Flores Domínguez	417666751	2019-01-30	M	t
06012788-d6f9-40f9-b500-3c62d270728b	Isabella Vargas Campos	807006968	2021-06-15	F	t
9c32154f-947e-4108-80cf-2aa093626f3d	Javier Acosta Rojas	717705796	2014-07-10	M	t
64b92c1e-a7ea-45cf-8033-0e342d6f3629	Javier Bravo Acosta	615110736	2021-12-17	M	t
16b083c6-b931-4921-8038-eaace5f885c3	Javier Cruz Domínguez	913975256	2019-07-09	M	t
7f800a06-6b72-4fdb-874d-074f2e43d79e	Juliana Salazar Álvarez	810994543	2015-07-02	F	t
93a17594-0daf-41aa-9d97-cc8fbb4fe80a	Leticia Herrera Chávez	200571317	2020-05-22	F	t
c845c08a-464d-4093-aae7-1487093a3cc0	Liliana Blanco Gómez	607791844	2018-10-30	F	t
495f7318-9b6e-4f2f-bc87-42d878c6ce22	Liliana Chávez Vega	103858461	2014-08-05	F	t
9080d298-c5b4-421d-b483-38853fb56071	Lorenzo Domínguez Contreras	217322682	2017-08-18	M	t
7df0b448-0124-4756-b0b3-3e218c284ba1	Lucía Fuentes Bernal	303788042	2014-02-08	F	t
58eb40d1-a2f8-464d-ab2f-09d551b46eb8	Lucía López Aguilar	913203232	2017-10-11	F	t
7d25f789-fa2c-4400-bbd8-bdd65b5c3cb2	Lucía Rojas Jiménez	214408890	2019-07-19	F	t
ddb03d77-4067-4bce-8d42-fbc8ad75f848	Luis Flores Cruz	110486642	2020-12-26	M	t
f18ad835-6e57-49a6-8f20-f61096e2fe6d	Luis Álvarez Ramírez	808113680	2022-09-02	M	t
a090c6ef-d370-4fe2-89a5-604fa3de5279	Manuel Morales Salazar	205857707	2017-04-28	M	t
e72a0740-f7cc-447c-a209-9a70e7a3f512	Manuel Ruiz Campos	818894784	2022-01-07	M	t
6e6f5ad4-ada7-4cde-b7e9-6ad203e2376d	Marcos Salazar García	201907937	2014-03-21	M	t
1132a9ae-3e50-457a-acf5-c35e70caee9e	Mariana Paredes Martínez	914463344	2015-05-03	F	t
f67886ae-9edf-40c2-bc99-131d7cd90db2	Mateo Mendoza Ramírez	315072360	2021-01-10	M	t
78ebfbb0-f2ac-413d-ad6e-f40c6595885f	Miguel Martínez Ortega	910288002	2022-11-17	M	t
94667e8d-b5c2-41f5-bba7-8441ed649940	Nadia Jiménez Rivera	206798035	2019-04-27	F	t
c97ac5c0-d7ca-4ccc-93fc-4a1fc5ccbdba	Natalia Ramírez Paredes	309783128	2014-03-04	F	t
a5326ca3-4d4c-4859-8827-d43acf63b5c3	Olivia Bravo Núñez	105321737	2018-04-17	F	t
28765223-0886-4530-aa41-5a2cca81bc1b	Olivia Vargas Aguilar	702664347	2017-03-25	F	t
03ff5f52-2bdd-402b-a944-60bd400fb481	Orlando Gómez López	502417005	2021-07-13	M	t
4d73ce99-9da5-489c-8800-3986ce66f7b3	Orlando Ortega Rodríguez	118158199	2013-03-29	M	t
ede02fb6-47ae-4d64-bba3-b2a9db778b7c	Paola Cruz González	308179084	2014-09-27	F	t
139114a2-af3d-4752-ad0a-e6c3858a7614	Paola Delgado Muñoz	513021622	2014-07-10	F	t
add22397-0769-47d5-b635-a2317737fb10	Patricia Mora Jiménez	304920685	2022-09-24	F	t
70ccf3c2-db19-4460-86f0-ca7001edebf9	Patricio Bravo Contreras	700383256	2018-04-17	M	t
7cef42cb-4daa-4b4f-91b4-ed3c732c88c4	Patricio Delgado Jiménez	212539145	2020-12-05	M	t
cdc4eca1-908d-4d42-80f5-52fba1c7b8e2	Paula Campos Ramos	215741985	2018-09-12	F	t
a27319e7-dc6c-4239-84fc-136eb7f4bc32	Paula García Jiménez	500220896	2019-05-05	F	t
cc39a88c-462b-4fae-ae03-81dc8bd30945	Rafael Bernal García	115581371	2020-12-11	M	t
d130ffd2-5559-4d2b-be2e-f6e5c2f2ab36	Rebeca Martínez Contreras	603728062	2013-01-26	F	t
415be519-8576-44de-9100-764f0c3910e2	Rebeca Ramírez Torres	506519279	2014-02-08	F	t
e5375d75-b996-45c3-b530-1004697c5e4e	Rebeca Reyes Muñoz	609506377	2022-09-23	F	t
1b9c08e0-044e-462e-996c-06871ff27449	Ricardo Núñez Vargas	805543973	2013-09-18	M	t
ff59efe6-46c1-4a79-8f9e-2cb71c87a995	Samuel Jiménez Delgado	713396213	2020-08-09	M	t
fea2bf08-a7c4-4bfb-9d45-09e9e1daf469	Santiago Torres Contreras	413416797	2015-06-04	M	t
9fff7710-3da7-41f1-ac59-b8245f646f50	Sergio Acosta Mora	915281524	2016-12-14	M	t
fce39344-0a79-4725-a943-b176c3d5fe32	Silvia Castillo Díaz	712736300	2014-07-06	F	t
aa9555ac-e26d-4578-8d87-f452921a1071	Silvia Díaz Aguilar	212975980	2015-05-11	F	t
04c5506f-71b7-4a0c-be50-39512613c870	Tomás Paredes Herrera	501040921	2016-04-16	M	t
d62be19d-230d-4461-acf9-07b24818d92b	Ulises Castillo Cárdenas	215269589	2018-07-21	M	t
9003c692-a8e3-4819-b291-bfb019eea91c	Valentina Díaz Campos	603310343	2020-07-31	F	t
aca318a3-5af3-4447-b262-23aa083130d3	Valentina Núñez Gómez	311743819	2016-03-11	F	t
c0080796-83e7-462c-977d-db694ac84bce	Verónica Jiménez Salazar	407413103	2016-07-12	F	t
d775e316-512c-4574-a230-b402d4b5cef4	Verónica Muñoz Vargas	104350480	2021-09-06	F	t
a574499c-0abc-41ed-9933-076976d0dbfd	Yolanda Gutiérrez Gutiérrez	602010763	2016-06-01	F	t
9c718ab5-f7bb-447a-b844-babf4ea02a7c	Yolanda Santana García	500715548	2016-09-27	F	t
237305ed-3c6c-408f-8cac-546b2593e6b9	Óscar Cárdenas Gómez	116952509	2013-04-28	M	t
bcd335ff-9395-40de-be7a-807f3635759c	Óscar Guerrero Díaz	519558699	2013-10-01	M	t
87392d36-f8e7-4469-80ea-477dfddf6b69	Óscar Gómez Santana	512113363	2020-08-31	M	t
4cdc51d3-0233-41fa-9dff-a3380bd5e3a6	Adrián Cruz Rojas	612748425	2023-02-18	M	t
9fe5384a-f747-4d49-841c-8fc3147fe360	Adrián Cruz Sandoval	118961727	2011-12-05	M	t
ade34b27-dd54-4c5e-b9b8-ae64f95ea3a8	Adrián Ríos García	319463391	2019-11-24	M	t
859ad25b-6627-4d74-b67e-1850b471a623	Alejandra Castillo Martínez	719535407	2010-04-16	F	t
56ab1407-d157-4c0e-8b27-f1b68ec48590	Alejandro Rivera Núñez	110520924	2012-03-08	M	t
adce0644-3f35-43b3-b9d8-75aea88951b8	Carlos Pérez Acosta	915983186	2011-10-16	M	t
ccc3c1f3-103d-4e78-84b3-a2ef8d9f75cf	Carolina Pérez Torres	314332126	2009-03-28	F	t
be20e436-1f74-439a-ade9-d480a2520a42	Carolina Torres Gómez	118704393	2018-08-15	F	t
2f51a3cd-1f4c-49e0-ad1d-5a651aad8bce	César Chávez Santana	508902318	2011-12-22	M	t
7e452652-994b-4357-ad3b-d07b47d8563e	David Gómez Martínez	316148153	2009-03-06	M	t
01f93570-ec2c-4fab-b1aa-64aadbacf07f	Diana Acosta Rodríguez	814050363	2012-09-18	F	t
43c3685e-357f-4e7e-b2f0-bf416955a5a4	Diana Díaz Blanco	909646238	2017-03-14	F	t
72579d48-0bff-420a-969c-2ad8d3f503c8	Diana Espinoza Flores	813639832	2010-03-01	F	t
b9bff51b-e857-4ea9-b435-41238c54300a	Elena Aguilar Luna	408228406	2011-04-08	F	t
99549ba2-e6f9-4235-b434-d490d918d53c	Elena Jiménez Morales	707827344	2015-11-12	F	t
805e4e16-8da8-489a-a5ea-6a52d4f4fd62	Fernanda Estrada Álvarez	208348799	2012-12-29	F	t
3b7cd194-5cff-48c9-8585-9a217151c901	Gloria Morales Espinoza	314693588	2019-12-02	F	t
d73529a9-fc31-478e-a3e9-77424574ee87	Gloria Vargas Gómez	216569532	2011-07-05	F	t
b1739233-bc48-4a37-8e78-9547b56c8ced	Gonzalo Domínguez Ramírez	100143353	2009-03-19	M	t
a5fa8d43-75e5-48a6-8d02-302784ebd610	Gonzalo Ríos Guerrero	710262857	2011-01-03	M	t
5dd77da7-859d-414f-a2c0-dffb08af58db	Graciela Ríos Espinoza	808160245	2010-04-29	F	t
10ead574-fee0-4947-bc49-22afcf499866	Héctor López Delgado	905432118	2011-01-29	M	t
18ef066c-5f72-409d-9d63-44fa7191189a	Ingrid Sánchez García	503858672	2021-12-11	F	t
5d14066f-2501-467d-9682-afc43cb3b6c6	Iván García Estrada	111942756	2010-08-07	M	t
bec65dc5-4c1e-404c-a165-5e0944bb7b2b	Joaquín González Herrera	309293970	2012-09-22	M	t
266b6414-55b3-47fc-82a2-b7cbf9be7c9b	Joaquín Reyes Lara	208644139	2010-09-26	M	t
84e35c7d-b6b1-4d3d-93fc-f58eff972915	Joaquín Rojas Muñoz	405472597	2009-06-30	M	t
b909481e-0093-468e-a727-10a60bcf3bbf	José Paredes Mora	615023104	2011-06-14	M	t
19e0d101-6c17-4e3a-bdfa-7005d3316e44	Karen Medina Flores	813789834	2009-05-18	F	t
f974fd55-4c00-4874-b9e2-ebb4df063c21	Karen Pérez Cárdenas	215961060	2012-02-29	F	t
886786df-abdb-436e-930d-9915aa0b00be	Karina Herrera Sánchez	218722319	2015-12-01	F	t
39a960ea-f252-4038-ad8e-a1e4aa2eee5f	Leonardo Delgado Castillo	709667758	2009-10-29	M	t
00861959-2499-4ac6-b1e1-5cd5e45e1395	Leticia Ruiz García	409230191	2011-12-30	F	t
b08acf37-3ba1-4770-b6a0-64bc3ac6312d	Lorenzo Torres Ramos	913160237	2009-04-04	M	t
397763cf-2db3-4364-85f0-b61808395d02	Lucía Martínez Rivera	514777593	2010-11-01	F	t
1d958dce-f52a-44dd-9aec-f8082aa29f03	Luis Rodríguez Lara	209290253	2017-07-03	M	t
7a4e53ac-cc71-42ad-8329-56e4df84f447	Mariana Ríos Salazar	216603583	2009-12-31	F	t
bcce4a4c-1043-4675-942d-6b13fef69adc	Mariana Sandoval Ramírez	103684928	2022-08-07	F	t
05b6d7c6-e439-4ddc-8d43-a58dd82bc7bb	Orlando Medina Herrera	318909529	2023-01-12	M	t
550ed279-a7ad-4d1e-ac45-4a0c2a3be44d	Patricio Domínguez Castillo	218256329	2017-09-13	M	t
e5fa2302-b458-4420-91f1-db72e33e96f9	Paula Reyes Bernal	400628708	2010-04-08	F	t
ebe6b2d0-9fdd-4210-b1de-8c7e64515296	Ricardo Bernal Salazar	418701359	2015-02-21	M	t
484d80f1-03ea-4637-a332-b5c6b0a9d509	Samuel Ruiz Castillo	606155463	2012-12-09	M	t
2112f461-1641-4fee-8b6e-2aadabceca7b	Santiago Cárdenas Herrera	112691407	2012-11-05	M	t
8c2186f3-bbf7-4899-8596-c3a15196f209	Silvia Salazar Bernal	210787666	2011-05-01	F	t
309f39b9-9c9c-42af-8d86-8daf224b1ff5	Tomás López Pérez	504828727	2019-10-25	M	t
5e3f2697-9fa5-4664-b93e-c3f584bc0a10	Verónica Flores Santana	909096445	2010-02-17	F	t
3ecd82b5-4485-4092-b8c4-cb05478867a2	Víctor Chávez Rivera	514617526	2016-07-20	M	t
49fc0abf-881c-47a1-8b9c-47f651f7f4e3	Víctor Morales Díaz	508305113	2011-11-20	M	t
7a9e5bbb-55b6-4891-a66a-aad3e74301d3	Yolanda Domínguez Jiménez	207709701	2009-11-10	F	t
7f76f2f0-f812-458c-9b06-de966bfc636c	Yolanda Sandoval Lara	312935939	2010-12-10	F	t
79da1632-9bf8-4726-b9a9-4802feb59370	Ángel Bravo Gutiérrez	810020808	2011-02-18	M	t
\.


--
-- Data for Name: estudiantes_acudientes; Type: TABLE DATA; Schema: public; Owner: postgres
--

COPY public.estudiantes_acudientes (id, estudiante_id, acudiente_id, parentesco, es_contacto_principal) FROM stdin;
\.


--
-- Data for Name: grupos; Type: TABLE DATA; Schema: public; Owner: postgres
--

COPY public.grupos (id, nombre, nivel, anio_escolar_id, profesor_guia_id, capacidad_maxima, activo) FROM stdin;
eced5f4a-0fb9-49aa-b8c5-4192bbaed956	Materno	PRE-ESCOLAR	be43b0d5-0add-4c40-a768-c25b14bda695	\N	\N	t
95f74283-9944-4596-b259-aa2556ba8780	Kínder	PRE-ESCOLAR	be43b0d5-0add-4c40-a768-c25b14bda695	\N	\N	t
d605835f-0c12-4d8f-84e7-8035be3641eb	Preparatoria	PRE-ESCOLAR	be43b0d5-0add-4c40-a768-c25b14bda695	\N	\N	t
8fdd522f-a39e-4997-ad95-5e6680220074	1° Grado	PRIMARIA	be43b0d5-0add-4c40-a768-c25b14bda695	\N	\N	t
7589c06c-3a30-4d28-85fa-355175b3f776	2° Grado	PRIMARIA	be43b0d5-0add-4c40-a768-c25b14bda695	\N	\N	t
c42cdfeb-6a5b-421f-8c87-0bfaa5060774	3° Grado	PRIMARIA	be43b0d5-0add-4c40-a768-c25b14bda695	\N	\N	t
64800fbf-b336-470d-9c1b-fedc4ec0f10e	4° Grado	PRIMARIA	be43b0d5-0add-4c40-a768-c25b14bda695	\N	\N	t
3adf3d47-6abb-4ceb-ba3a-98ed5c93d94f	5° Grado	PRIMARIA	be43b0d5-0add-4c40-a768-c25b14bda695	\N	\N	t
48adc4f6-0e9c-4672-8355-057bc6f593c8	6° Grado	PRIMARIA	be43b0d5-0add-4c40-a768-c25b14bda695	\N	\N	t
cebcbc3a-92e0-43a4-a1a8-5012af1b4ee3	7° Año	SECUNDARIA	be43b0d5-0add-4c40-a768-c25b14bda695	\N	\N	t
eb5271ab-efe0-4d14-b0f7-8e1fdbf09076	8° Año	SECUNDARIA	be43b0d5-0add-4c40-a768-c25b14bda695	\N	\N	t
f812339b-f8b5-4814-bff4-20181a2058c2	9° Año	SECUNDARIA	be43b0d5-0add-4c40-a768-c25b14bda695	\N	\N	t
70308127-ea89-491d-8d7d-565a16180e07	10° Año	SECUNDARIA	be43b0d5-0add-4c40-a768-c25b14bda695	\N	\N	t
4039f535-15ee-4996-9972-661e291c4a92	11° Año	SECUNDARIA	be43b0d5-0add-4c40-a768-c25b14bda695	\N	\N	t
\.


--
-- Data for Name: matriculas; Type: TABLE DATA; Schema: public; Owner: postgres
--

COPY public.matriculas (id, estudiante_id, grupo_id, anio_escolar_id, fecha_matricula, estado) FROM stdin;
d1168d68-9045-428d-ae4b-e1dd4d0be3f5	78ebfbb0-f2ac-413d-ad6e-f40c6595885f	eced5f4a-0fb9-49aa-b8c5-4192bbaed956	be43b0d5-0add-4c40-a768-c25b14bda695	2026-01-15	ACTIVA
371e8045-5fee-4566-8dea-e52e84e64578	add22397-0769-47d5-b635-a2317737fb10	eced5f4a-0fb9-49aa-b8c5-4192bbaed956	be43b0d5-0add-4c40-a768-c25b14bda695	2026-01-15	ACTIVA
3105a5d9-67d7-4728-b109-60c2991e0319	4cdc51d3-0233-41fa-9dff-a3380bd5e3a6	eced5f4a-0fb9-49aa-b8c5-4192bbaed956	be43b0d5-0add-4c40-a768-c25b14bda695	2026-01-15	ACTIVA
82b043e8-0ec7-4369-8efa-b6041681fdf0	f18ad835-6e57-49a6-8f20-f61096e2fe6d	eced5f4a-0fb9-49aa-b8c5-4192bbaed956	be43b0d5-0add-4c40-a768-c25b14bda695	2026-01-15	ACTIVA
e23377a0-879c-4901-bdcd-e55671515dbe	bcce4a4c-1043-4675-942d-6b13fef69adc	eced5f4a-0fb9-49aa-b8c5-4192bbaed956	be43b0d5-0add-4c40-a768-c25b14bda695	2026-01-15	ACTIVA
8492a539-9a5d-44f1-a8af-019932608f11	e5375d75-b996-45c3-b530-1004697c5e4e	eced5f4a-0fb9-49aa-b8c5-4192bbaed956	be43b0d5-0add-4c40-a768-c25b14bda695	2026-01-15	ACTIVA
b530bce6-1fcf-43c4-ac31-f6c076b5db41	ac7f62ce-a4bb-4b64-99e1-986d70252a7a	eced5f4a-0fb9-49aa-b8c5-4192bbaed956	be43b0d5-0add-4c40-a768-c25b14bda695	2026-01-15	ACTIVA
387b9ddd-9d7a-46ea-a353-3cfc8303f25e	05b6d7c6-e439-4ddc-8d43-a58dd82bc7bb	eced5f4a-0fb9-49aa-b8c5-4192bbaed956	be43b0d5-0add-4c40-a768-c25b14bda695	2026-01-15	ACTIVA
77ccb4aa-12db-4f5a-ac7a-68c4ad8b5c95	e72a0740-f7cc-447c-a209-9a70e7a3f512	95f74283-9944-4596-b259-aa2556ba8780	be43b0d5-0add-4c40-a768-c25b14bda695	2026-01-15	ACTIVA
c3d5d68a-a5b2-4f2c-b6c8-617e8ad99956	06012788-d6f9-40f9-b500-3c62d270728b	95f74283-9944-4596-b259-aa2556ba8780	be43b0d5-0add-4c40-a768-c25b14bda695	2026-01-15	ACTIVA
a7dd642d-4f8f-4b05-971d-6c67ce8782b6	64b92c1e-a7ea-45cf-8033-0e342d6f3629	95f74283-9944-4596-b259-aa2556ba8780	be43b0d5-0add-4c40-a768-c25b14bda695	2026-01-15	ACTIVA
6d9f9ccb-12b9-4452-a10b-c2c71e437cfe	03ff5f52-2bdd-402b-a944-60bd400fb481	95f74283-9944-4596-b259-aa2556ba8780	be43b0d5-0add-4c40-a768-c25b14bda695	2026-01-15	ACTIVA
30fc6938-240e-40eb-9a47-13288bcfb677	2b587cc1-62bd-4ff0-a1f1-3a4b69ed130c	95f74283-9944-4596-b259-aa2556ba8780	be43b0d5-0add-4c40-a768-c25b14bda695	2026-01-15	ACTIVA
958df1e5-0174-4eaf-b7e9-b9ad6815e063	4e5e26e3-652f-4cff-b40b-762b41073972	95f74283-9944-4596-b259-aa2556ba8780	be43b0d5-0add-4c40-a768-c25b14bda695	2026-01-15	ACTIVA
9aa4aff1-7191-4a61-b659-02dab55e617a	18ef066c-5f72-409d-9d63-44fa7191189a	95f74283-9944-4596-b259-aa2556ba8780	be43b0d5-0add-4c40-a768-c25b14bda695	2026-01-15	ACTIVA
d1549016-f89b-4dfa-bbc6-e6dfd6072fc6	d775e316-512c-4574-a230-b402d4b5cef4	95f74283-9944-4596-b259-aa2556ba8780	be43b0d5-0add-4c40-a768-c25b14bda695	2026-01-15	ACTIVA
92e5cffa-2b5e-40e7-9c4d-db58107abcb0	61d4d01c-51b9-44f9-8509-fea6c45890c6	95f74283-9944-4596-b259-aa2556ba8780	be43b0d5-0add-4c40-a768-c25b14bda695	2026-01-15	ACTIVA
e7456995-de58-4706-adb7-ec68636400fc	cc39a88c-462b-4fae-ae03-81dc8bd30945	d605835f-0c12-4d8f-84e7-8035be3641eb	be43b0d5-0add-4c40-a768-c25b14bda695	2026-01-15	ACTIVA
f279018a-0de8-44de-ab5e-994accd31dfc	7cef42cb-4daa-4b4f-91b4-ed3c732c88c4	d605835f-0c12-4d8f-84e7-8035be3641eb	be43b0d5-0add-4c40-a768-c25b14bda695	2026-01-15	ACTIVA
fb09ef58-8e23-4619-86e2-df563adf6793	93a17594-0daf-41aa-9d97-cc8fbb4fe80a	d605835f-0c12-4d8f-84e7-8035be3641eb	be43b0d5-0add-4c40-a768-c25b14bda695	2026-01-15	ACTIVA
61acbc28-77f6-433e-8339-6e249b2a3361	9003c692-a8e3-4819-b291-bfb019eea91c	d605835f-0c12-4d8f-84e7-8035be3641eb	be43b0d5-0add-4c40-a768-c25b14bda695	2026-01-15	ACTIVA
699ef892-5f8b-45ad-8897-4e86612be07e	0dbad131-e40d-4a2e-b32f-df62c6baeb0e	d605835f-0c12-4d8f-84e7-8035be3641eb	be43b0d5-0add-4c40-a768-c25b14bda695	2026-01-15	ACTIVA
efc48836-74d7-4bc8-80f8-939d61feaf5a	87392d36-f8e7-4469-80ea-477dfddf6b69	d605835f-0c12-4d8f-84e7-8035be3641eb	be43b0d5-0add-4c40-a768-c25b14bda695	2026-01-15	ACTIVA
fc4aaec3-9da2-4bea-b772-d8cf829b0ef1	ff59efe6-46c1-4a79-8f9e-2cb71c87a995	d605835f-0c12-4d8f-84e7-8035be3641eb	be43b0d5-0add-4c40-a768-c25b14bda695	2026-01-15	ACTIVA
a3de8b90-42cc-48c8-8076-8e73d67bfde0	f67886ae-9edf-40c2-bc99-131d7cd90db2	d605835f-0c12-4d8f-84e7-8035be3641eb	be43b0d5-0add-4c40-a768-c25b14bda695	2026-01-15	ACTIVA
dcc351bc-4924-4b27-9331-20b6c238f89c	ddb03d77-4067-4bce-8d42-fbc8ad75f848	d605835f-0c12-4d8f-84e7-8035be3641eb	be43b0d5-0add-4c40-a768-c25b14bda695	2026-01-15	ACTIVA
06ccee09-2581-4ecc-9e99-bda3fa23c4e7	94f75594-3b3f-40ca-b75d-be74bc5acd71	8fdd522f-a39e-4997-ad95-5e6680220074	be43b0d5-0add-4c40-a768-c25b14bda695	2026-01-15	ACTIVA
eec7e732-6bba-4ce3-ba1e-c08e9abf17a0	3b7cd194-5cff-48c9-8585-9a217151c901	8fdd522f-a39e-4997-ad95-5e6680220074	be43b0d5-0add-4c40-a768-c25b14bda695	2026-01-15	ACTIVA
d7580375-221e-4df5-9a36-c8621fbeb29f	dadd72b1-356a-4a4d-8fa2-300f9cf5f952	8fdd522f-a39e-4997-ad95-5e6680220074	be43b0d5-0add-4c40-a768-c25b14bda695	2026-01-15	ACTIVA
13924c38-76b3-4d8d-b8b5-81a1a1ecc7e5	ade34b27-dd54-4c5e-b9b8-ae64f95ea3a8	8fdd522f-a39e-4997-ad95-5e6680220074	be43b0d5-0add-4c40-a768-c25b14bda695	2026-01-15	ACTIVA
34cae3c6-5faa-4a5e-8e33-50f399082696	309f39b9-9c9c-42af-8d86-8daf224b1ff5	8fdd522f-a39e-4997-ad95-5e6680220074	be43b0d5-0add-4c40-a768-c25b14bda695	2026-01-15	ACTIVA
d45786cb-3db2-412e-8c44-3f87976ffc6d	7d25f789-fa2c-4400-bbd8-bdd65b5c3cb2	8fdd522f-a39e-4997-ad95-5e6680220074	be43b0d5-0add-4c40-a768-c25b14bda695	2026-01-15	ACTIVA
4d2f99e5-8e40-4694-926a-4b4912c075c7	94667e8d-b5c2-41f5-bba7-8441ed649940	8fdd522f-a39e-4997-ad95-5e6680220074	be43b0d5-0add-4c40-a768-c25b14bda695	2026-01-15	ACTIVA
60e98637-2911-4814-acc8-d93d00dc2ba9	16b083c6-b931-4921-8038-eaace5f885c3	8fdd522f-a39e-4997-ad95-5e6680220074	be43b0d5-0add-4c40-a768-c25b14bda695	2026-01-15	ACTIVA
d366481d-0ed5-4403-ae42-537011cf3293	a27319e7-dc6c-4239-84fc-136eb7f4bc32	8fdd522f-a39e-4997-ad95-5e6680220074	be43b0d5-0add-4c40-a768-c25b14bda695	2026-01-15	ACTIVA
4fb7d7c6-0e20-4fdd-ac7c-3a43cbbf2d57	12bd075f-9f78-4668-860c-a00723cbbf77	8fdd522f-a39e-4997-ad95-5e6680220074	be43b0d5-0add-4c40-a768-c25b14bda695	2026-01-15	ACTIVA
1cdce53a-c6bf-4073-bb8a-c338c459eacf	05be08b0-cba1-4981-9654-a417bd6080e8	7589c06c-3a30-4d28-85fa-355175b3f776	be43b0d5-0add-4c40-a768-c25b14bda695	2026-01-15	ACTIVA
bce5912e-4996-4b1a-9b96-3e6cd582c718	cdc4eca1-908d-4d42-80f5-52fba1c7b8e2	7589c06c-3a30-4d28-85fa-355175b3f776	be43b0d5-0add-4c40-a768-c25b14bda695	2026-01-15	ACTIVA
116b9bbc-c700-4398-99bf-57db7c726113	c845c08a-464d-4093-aae7-1487093a3cc0	7589c06c-3a30-4d28-85fa-355175b3f776	be43b0d5-0add-4c40-a768-c25b14bda695	2026-01-15	ACTIVA
49201ab6-f800-4174-9c67-3a96dac27717	d62be19d-230d-4461-acf9-07b24818d92b	7589c06c-3a30-4d28-85fa-355175b3f776	be43b0d5-0add-4c40-a768-c25b14bda695	2026-01-15	ACTIVA
e3ee011a-8f78-4c98-a4fe-e518927af99e	afca2472-d2d1-4b77-ad67-dfbb5afd0629	7589c06c-3a30-4d28-85fa-355175b3f776	be43b0d5-0add-4c40-a768-c25b14bda695	2026-01-15	ACTIVA
5aba757e-57fd-4454-ae19-982f8521c3a4	a5326ca3-4d4c-4859-8827-d43acf63b5c3	7589c06c-3a30-4d28-85fa-355175b3f776	be43b0d5-0add-4c40-a768-c25b14bda695	2026-01-15	ACTIVA
8dd2a589-de3b-4a03-8df7-17688ec5c334	70ccf3c2-db19-4460-86f0-ca7001edebf9	7589c06c-3a30-4d28-85fa-355175b3f776	be43b0d5-0add-4c40-a768-c25b14bda695	2026-01-15	ACTIVA
84ebb3fb-2718-47e1-9671-a0c4d944af13	f60c0328-b560-4590-9405-f08fa5345a8b	7589c06c-3a30-4d28-85fa-355175b3f776	be43b0d5-0add-4c40-a768-c25b14bda695	2026-01-15	ACTIVA
e04a5e3d-8556-426e-9b4c-bc87b5a5a7c7	e9a4912a-2848-4180-ab5d-f40768dd051c	7589c06c-3a30-4d28-85fa-355175b3f776	be43b0d5-0add-4c40-a768-c25b14bda695	2026-01-15	ACTIVA
04828700-73e4-4c08-b9f0-b224f5a550d9	be20e436-1f74-439a-ade9-d480a2520a42	7589c06c-3a30-4d28-85fa-355175b3f776	be43b0d5-0add-4c40-a768-c25b14bda695	2026-01-15	ACTIVA
5f024384-dee9-4391-9643-dbf7a86b5f56	550ed279-a7ad-4d1e-ac45-4a0c2a3be44d	c42cdfeb-6a5b-421f-8c87-0bfaa5060774	be43b0d5-0add-4c40-a768-c25b14bda695	2026-01-15	ACTIVA
154681d9-539d-412c-bc3e-1c36b427c378	fed3d7d3-a00f-4da1-aee7-9c135084da11	c42cdfeb-6a5b-421f-8c87-0bfaa5060774	be43b0d5-0add-4c40-a768-c25b14bda695	2026-01-15	ACTIVA
46fbf255-06ab-486e-af71-ec70d45adb10	55f09a46-9f15-4f1a-ba75-e71d488ffda1	c42cdfeb-6a5b-421f-8c87-0bfaa5060774	be43b0d5-0add-4c40-a768-c25b14bda695	2026-01-15	ACTIVA
6499f13d-4f49-4ff0-95f1-e388a059dd50	1d958dce-f52a-44dd-9aec-f8082aa29f03	c42cdfeb-6a5b-421f-8c87-0bfaa5060774	be43b0d5-0add-4c40-a768-c25b14bda695	2026-01-15	ACTIVA
982a55f4-d3b2-47ab-aaa5-e6723643f7c4	43c3685e-357f-4e7e-b2f0-bf416955a5a4	c42cdfeb-6a5b-421f-8c87-0bfaa5060774	be43b0d5-0add-4c40-a768-c25b14bda695	2026-01-15	ACTIVA
a235d53b-bc0c-4c00-a2d8-f40acba5d00a	28765223-0886-4530-aa41-5a2cca81bc1b	c42cdfeb-6a5b-421f-8c87-0bfaa5060774	be43b0d5-0add-4c40-a768-c25b14bda695	2026-01-15	ACTIVA
34b5aebf-ba0f-4e61-90c4-35fa78672f09	58eb40d1-a2f8-464d-ab2f-09d551b46eb8	c42cdfeb-6a5b-421f-8c87-0bfaa5060774	be43b0d5-0add-4c40-a768-c25b14bda695	2026-01-15	ACTIVA
2d1ed489-686b-4072-92fe-bdf55a5f9a0c	a090c6ef-d370-4fe2-89a5-604fa3de5279	c42cdfeb-6a5b-421f-8c87-0bfaa5060774	be43b0d5-0add-4c40-a768-c25b14bda695	2026-01-15	ACTIVA
3db076a6-9deb-4d93-95d1-6195fdb17482	a9180ed1-6613-498f-9efb-1d98325527bc	c42cdfeb-6a5b-421f-8c87-0bfaa5060774	be43b0d5-0add-4c40-a768-c25b14bda695	2026-01-15	ACTIVA
98876edb-a66b-4640-9e8f-dca938b8a4db	9080d298-c5b4-421d-b483-38853fb56071	c42cdfeb-6a5b-421f-8c87-0bfaa5060774	be43b0d5-0add-4c40-a768-c25b14bda695	2026-01-15	ACTIVA
c32f30fc-75f5-4c89-a227-817c795641bc	8d49dde7-acbc-4d03-a139-9aa875bc8260	64800fbf-b336-470d-9c1b-fedc4ec0f10e	be43b0d5-0add-4c40-a768-c25b14bda695	2026-01-15	ACTIVA
54cac925-f466-48ad-a198-777a99b32933	53f3c2d2-6b02-40c2-a3db-8b285ab4142f	64800fbf-b336-470d-9c1b-fedc4ec0f10e	be43b0d5-0add-4c40-a768-c25b14bda695	2026-01-15	ACTIVA
ac32dc5d-66e9-464a-a6e5-bdc7d5c2d292	c0080796-83e7-462c-977d-db694ac84bce	64800fbf-b336-470d-9c1b-fedc4ec0f10e	be43b0d5-0add-4c40-a768-c25b14bda695	2026-01-15	ACTIVA
94b33060-4696-416f-9d32-23100286bc70	106bbaac-ab67-4067-bdb0-e8cab6feb377	64800fbf-b336-470d-9c1b-fedc4ec0f10e	be43b0d5-0add-4c40-a768-c25b14bda695	2026-01-15	ACTIVA
65f3a045-08ee-4d5f-bfd6-52102ea7db93	a574499c-0abc-41ed-9933-076976d0dbfd	64800fbf-b336-470d-9c1b-fedc4ec0f10e	be43b0d5-0add-4c40-a768-c25b14bda695	2026-01-15	ACTIVA
d9278636-77ca-45d9-976f-e1ca29792555	3ecd82b5-4485-4092-b8c4-cb05478867a2	64800fbf-b336-470d-9c1b-fedc4ec0f10e	be43b0d5-0add-4c40-a768-c25b14bda695	2026-01-15	ACTIVA
a8ac0fb7-bab2-4963-884a-0e1f7b0234eb	04c5506f-71b7-4a0c-be50-39512613c870	64800fbf-b336-470d-9c1b-fedc4ec0f10e	be43b0d5-0add-4c40-a768-c25b14bda695	2026-01-15	ACTIVA
d9ff3fde-02e2-41cf-8c1c-d47e57fd8a06	9c718ab5-f7bb-447a-b844-babf4ea02a7c	64800fbf-b336-470d-9c1b-fedc4ec0f10e	be43b0d5-0add-4c40-a768-c25b14bda695	2026-01-15	ACTIVA
1eabf8b4-1378-4f56-a8c6-e39e29b2a818	aca318a3-5af3-4447-b262-23aa083130d3	64800fbf-b336-470d-9c1b-fedc4ec0f10e	be43b0d5-0add-4c40-a768-c25b14bda695	2026-01-15	ACTIVA
f0e15552-9fa3-4160-a498-4a01989a3281	9fff7710-3da7-41f1-ac59-b8245f646f50	64800fbf-b336-470d-9c1b-fedc4ec0f10e	be43b0d5-0add-4c40-a768-c25b14bda695	2026-01-15	ACTIVA
1edd5f50-98db-4ee2-b1e6-4002caadb15a	5364bae6-dae1-4095-bf7a-4a9e179638ca	3adf3d47-6abb-4ceb-ba3a-98ed5c93d94f	be43b0d5-0add-4c40-a768-c25b14bda695	2026-01-15	ACTIVA
78399324-4e1e-4e90-b86a-9b793b8c510f	fea2bf08-a7c4-4bfb-9d45-09e9e1daf469	3adf3d47-6abb-4ceb-ba3a-98ed5c93d94f	be43b0d5-0add-4c40-a768-c25b14bda695	2026-01-15	ACTIVA
8477fbcc-f990-4520-ab7e-36d242f2bd99	886786df-abdb-436e-930d-9915aa0b00be	3adf3d47-6abb-4ceb-ba3a-98ed5c93d94f	be43b0d5-0add-4c40-a768-c25b14bda695	2026-01-15	ACTIVA
26981ded-dcdc-4d1d-a788-0604845203d8	1132a9ae-3e50-457a-acf5-c35e70caee9e	3adf3d47-6abb-4ceb-ba3a-98ed5c93d94f	be43b0d5-0add-4c40-a768-c25b14bda695	2026-01-15	ACTIVA
e0a1ba1b-5a15-48d9-8efb-e14a7c039cd1	99549ba2-e6f9-4235-b434-d490d918d53c	3adf3d47-6abb-4ceb-ba3a-98ed5c93d94f	be43b0d5-0add-4c40-a768-c25b14bda695	2026-01-15	ACTIVA
e8689f7f-3749-4970-84e2-dc3102c16b23	3209073c-aefc-4cd8-b2ce-6c31005ca51a	3adf3d47-6abb-4ceb-ba3a-98ed5c93d94f	be43b0d5-0add-4c40-a768-c25b14bda695	2026-01-15	ACTIVA
b9fdf1f6-830c-40d1-b5ed-b5d69a0d49b9	d5c0cb1b-ad2f-4e15-b09d-698839dce2ea	3adf3d47-6abb-4ceb-ba3a-98ed5c93d94f	be43b0d5-0add-4c40-a768-c25b14bda695	2026-01-15	ACTIVA
303f260b-12c5-48e7-b5fc-c92579b914fd	7f800a06-6b72-4fdb-874d-074f2e43d79e	3adf3d47-6abb-4ceb-ba3a-98ed5c93d94f	be43b0d5-0add-4c40-a768-c25b14bda695	2026-01-15	ACTIVA
546fa394-14da-4e12-95d3-20d106376dec	aa9555ac-e26d-4578-8d87-f452921a1071	3adf3d47-6abb-4ceb-ba3a-98ed5c93d94f	be43b0d5-0add-4c40-a768-c25b14bda695	2026-01-15	ACTIVA
0c10e8f6-1a78-4da9-88d0-39e60ad274f0	a86ec751-3af6-4c38-8d48-f4a85d59bd93	48adc4f6-0e9c-4672-8355-057bc6f593c8	be43b0d5-0add-4c40-a768-c25b14bda695	2026-01-15	ACTIVA
a2f9b2c3-9d97-4dfb-842a-ccc8a1d147cf	139114a2-af3d-4752-ad0a-e6c3858a7614	48adc4f6-0e9c-4672-8355-057bc6f593c8	be43b0d5-0add-4c40-a768-c25b14bda695	2026-01-15	ACTIVA
bbcd7cac-2ab0-4575-9164-f4fa6b1552ef	de786e66-41c9-42fc-a1f1-16660a6d538f	48adc4f6-0e9c-4672-8355-057bc6f593c8	be43b0d5-0add-4c40-a768-c25b14bda695	2026-01-15	ACTIVA
7bb1d401-f0e5-46ce-ad5a-090e95363a50	ede02fb6-47ae-4d64-bba3-b2a9db778b7c	48adc4f6-0e9c-4672-8355-057bc6f593c8	be43b0d5-0add-4c40-a768-c25b14bda695	2026-01-15	ACTIVA
af7cd6dc-af2c-4ce8-b171-64558d48d681	495f7318-9b6e-4f2f-bc87-42d878c6ce22	48adc4f6-0e9c-4672-8355-057bc6f593c8	be43b0d5-0add-4c40-a768-c25b14bda695	2026-01-15	ACTIVA
9aa9dddf-b87b-468c-9ad2-84267a1486d7	9c32154f-947e-4108-80cf-2aa093626f3d	48adc4f6-0e9c-4672-8355-057bc6f593c8	be43b0d5-0add-4c40-a768-c25b14bda695	2026-01-15	ACTIVA
e20b1702-68db-47fa-a4d5-61b4e98ea7e1	6e6f5ad4-ada7-4cde-b7e9-6ad203e2376d	48adc4f6-0e9c-4672-8355-057bc6f593c8	be43b0d5-0add-4c40-a768-c25b14bda695	2026-01-15	ACTIVA
0d9723ac-9245-4466-a9ea-7c1c0524f5e5	ebe6b2d0-9fdd-4210-b1de-8c7e64515296	48adc4f6-0e9c-4672-8355-057bc6f593c8	be43b0d5-0add-4c40-a768-c25b14bda695	2026-01-15	ACTIVA
ab06576f-6cec-449a-b15c-616f5ac98aef	fce39344-0a79-4725-a943-b176c3d5fe32	48adc4f6-0e9c-4672-8355-057bc6f593c8	be43b0d5-0add-4c40-a768-c25b14bda695	2026-01-15	ACTIVA
10f864ce-df80-497a-be63-baddd6376a00	b431d636-93b9-4d54-b226-bd0352980050	cebcbc3a-92e0-43a4-a1a8-5012af1b4ee3	be43b0d5-0add-4c40-a768-c25b14bda695	2026-01-15	ACTIVA
8009822b-0443-45ef-a716-af2306f89bfa	bcd335ff-9395-40de-be7a-807f3635759c	cebcbc3a-92e0-43a4-a1a8-5012af1b4ee3	be43b0d5-0add-4c40-a768-c25b14bda695	2026-01-15	ACTIVA
d5edffa9-c182-434c-bf56-a2106319e2a1	ca3ec132-4ca0-4561-9471-11c369356d0c	cebcbc3a-92e0-43a4-a1a8-5012af1b4ee3	be43b0d5-0add-4c40-a768-c25b14bda695	2026-01-15	ACTIVA
e83716d3-3a2f-4da1-b7ed-821f97896c91	14632786-93fa-409f-80ff-4164507da2e9	cebcbc3a-92e0-43a4-a1a8-5012af1b4ee3	be43b0d5-0add-4c40-a768-c25b14bda695	2026-01-15	ACTIVA
0b2546e3-1941-40e9-8cef-b204c7edfd7b	7df0b448-0124-4756-b0b3-3e218c284ba1	cebcbc3a-92e0-43a4-a1a8-5012af1b4ee3	be43b0d5-0add-4c40-a768-c25b14bda695	2026-01-15	ACTIVA
5207fea5-c019-4b5c-ba79-3bb7f5a8ab9b	4d73ce99-9da5-489c-8800-3986ce66f7b3	cebcbc3a-92e0-43a4-a1a8-5012af1b4ee3	be43b0d5-0add-4c40-a768-c25b14bda695	2026-01-15	ACTIVA
28fea4ff-cd60-4a5e-9366-7c63dfde1b9c	237305ed-3c6c-408f-8cac-546b2593e6b9	cebcbc3a-92e0-43a4-a1a8-5012af1b4ee3	be43b0d5-0add-4c40-a768-c25b14bda695	2026-01-15	ACTIVA
22c37cc4-886d-4a4a-83dc-0bf99487f7ee	415be519-8576-44de-9100-764f0c3910e2	cebcbc3a-92e0-43a4-a1a8-5012af1b4ee3	be43b0d5-0add-4c40-a768-c25b14bda695	2026-01-15	ACTIVA
a62411c4-9386-444a-93dd-2e33f3e52cc0	1b9c08e0-044e-462e-996c-06871ff27449	cebcbc3a-92e0-43a4-a1a8-5012af1b4ee3	be43b0d5-0add-4c40-a768-c25b14bda695	2026-01-15	ACTIVA
408c5749-287d-4209-be4f-ddc6cf6fc4bf	c97ac5c0-d7ca-4ccc-93fc-4a1fc5ccbdba	cebcbc3a-92e0-43a4-a1a8-5012af1b4ee3	be43b0d5-0add-4c40-a768-c25b14bda695	2026-01-15	ACTIVA
2aa4e611-0274-4060-afe0-d8f734fe1868	8c0fe06c-29b1-40d4-bd41-51bbcff656ed	eb5271ab-efe0-4d14-b0f7-8e1fdbf09076	be43b0d5-0add-4c40-a768-c25b14bda695	2026-01-15	ACTIVA
0a0e9c70-3d06-40d1-b545-425b6f2ea1a4	83592adf-b62a-4983-96a9-2c02e6f3c748	eb5271ab-efe0-4d14-b0f7-8e1fdbf09076	be43b0d5-0add-4c40-a768-c25b14bda695	2026-01-15	ACTIVA
3f8db178-a71a-410a-97f0-9c828fdcb476	9392d401-caa3-4bb9-8b08-17a645874c6a	eb5271ab-efe0-4d14-b0f7-8e1fdbf09076	be43b0d5-0add-4c40-a768-c25b14bda695	2026-01-15	ACTIVA
06234962-19e9-44ca-870d-eb60be4fba59	d130ffd2-5559-4d2b-be2e-f6e5c2f2ab36	eb5271ab-efe0-4d14-b0f7-8e1fdbf09076	be43b0d5-0add-4c40-a768-c25b14bda695	2026-01-15	ACTIVA
8f57d4f1-c71f-4a4b-921e-8bd1a2456297	01f93570-ec2c-4fab-b1aa-64aadbacf07f	eb5271ab-efe0-4d14-b0f7-8e1fdbf09076	be43b0d5-0add-4c40-a768-c25b14bda695	2026-01-15	ACTIVA
d66eab11-9b9c-4caa-8c2b-415ed23d6def	805e4e16-8da8-489a-a5ea-6a52d4f4fd62	eb5271ab-efe0-4d14-b0f7-8e1fdbf09076	be43b0d5-0add-4c40-a768-c25b14bda695	2026-01-15	ACTIVA
1baeb7d0-fc85-4979-b970-c40b254895f6	2112f461-1641-4fee-8b6e-2aadabceca7b	eb5271ab-efe0-4d14-b0f7-8e1fdbf09076	be43b0d5-0add-4c40-a768-c25b14bda695	2026-01-15	ACTIVA
2ca3dba3-77d1-4ca8-b8f1-7f59733cf36e	56ab1407-d157-4c0e-8b27-f1b68ec48590	eb5271ab-efe0-4d14-b0f7-8e1fdbf09076	be43b0d5-0add-4c40-a768-c25b14bda695	2026-01-15	ACTIVA
ce46a3b5-65cc-4fb4-ac41-e7f6a6310234	484d80f1-03ea-4637-a332-b5c6b0a9d509	eb5271ab-efe0-4d14-b0f7-8e1fdbf09076	be43b0d5-0add-4c40-a768-c25b14bda695	2026-01-15	ACTIVA
be2ab044-2900-47e5-ae13-6731e77f8034	bec65dc5-4c1e-404c-a165-5e0944bb7b2b	eb5271ab-efe0-4d14-b0f7-8e1fdbf09076	be43b0d5-0add-4c40-a768-c25b14bda695	2026-01-15	ACTIVA
c033bb0d-3af1-41dd-b8bc-6974341af688	8c2186f3-bbf7-4899-8596-c3a15196f209	f812339b-f8b5-4814-bff4-20181a2058c2	be43b0d5-0add-4c40-a768-c25b14bda695	2026-01-15	ACTIVA
43a3a8eb-3a29-439d-b780-a06bb498b998	2f51a3cd-1f4c-49e0-ad1d-5a651aad8bce	f812339b-f8b5-4814-bff4-20181a2058c2	be43b0d5-0add-4c40-a768-c25b14bda695	2026-01-15	ACTIVA
7a24f8c5-661b-4542-8976-5e78e24d8b9d	f974fd55-4c00-4874-b9e2-ebb4df063c21	f812339b-f8b5-4814-bff4-20181a2058c2	be43b0d5-0add-4c40-a768-c25b14bda695	2026-01-15	ACTIVA
ef7c5ff1-5550-4e2a-8a8b-f4d3c4ac808b	d73529a9-fc31-478e-a3e9-77424574ee87	f812339b-f8b5-4814-bff4-20181a2058c2	be43b0d5-0add-4c40-a768-c25b14bda695	2026-01-15	ACTIVA
99d44ad4-10f7-41e0-bd0c-773f60cd6479	b909481e-0093-468e-a727-10a60bcf3bbf	f812339b-f8b5-4814-bff4-20181a2058c2	be43b0d5-0add-4c40-a768-c25b14bda695	2026-01-15	ACTIVA
161355b5-b6a4-46d8-9534-5769f7232f2a	49fc0abf-881c-47a1-8b9c-47f651f7f4e3	f812339b-f8b5-4814-bff4-20181a2058c2	be43b0d5-0add-4c40-a768-c25b14bda695	2026-01-15	ACTIVA
7e978b7d-9aef-437d-b4d2-5d801967c5aa	00861959-2499-4ac6-b1e1-5cd5e45e1395	f812339b-f8b5-4814-bff4-20181a2058c2	be43b0d5-0add-4c40-a768-c25b14bda695	2026-01-15	ACTIVA
29555a6a-9fe3-4568-ba3a-63d007ad9251	b9bff51b-e857-4ea9-b435-41238c54300a	f812339b-f8b5-4814-bff4-20181a2058c2	be43b0d5-0add-4c40-a768-c25b14bda695	2026-01-15	ACTIVA
05fe26ec-979c-4964-be9f-ac831d0eb63f	adce0644-3f35-43b3-b9d8-75aea88951b8	f812339b-f8b5-4814-bff4-20181a2058c2	be43b0d5-0add-4c40-a768-c25b14bda695	2026-01-15	ACTIVA
6868408a-5d4f-4888-a53f-3b2760d221bc	9fe5384a-f747-4d49-841c-8fc3147fe360	f812339b-f8b5-4814-bff4-20181a2058c2	be43b0d5-0add-4c40-a768-c25b14bda695	2026-01-15	ACTIVA
04f8f953-64b8-4222-81e8-23ed47412952	266b6414-55b3-47fc-82a2-b7cbf9be7c9b	70308127-ea89-491d-8d7d-565a16180e07	be43b0d5-0add-4c40-a768-c25b14bda695	2026-01-15	ACTIVA
43c4cb7b-fd6f-421b-a7ab-28bcfe2a1738	5dd77da7-859d-414f-a2c0-dffb08af58db	70308127-ea89-491d-8d7d-565a16180e07	be43b0d5-0add-4c40-a768-c25b14bda695	2026-01-15	ACTIVA
8817134d-c05c-4f6b-b87d-77be58b54a5f	79da1632-9bf8-4726-b9a9-4802feb59370	70308127-ea89-491d-8d7d-565a16180e07	be43b0d5-0add-4c40-a768-c25b14bda695	2026-01-15	ACTIVA
14c224f4-19d3-4385-94c9-e6f6557d3675	5d14066f-2501-467d-9682-afc43cb3b6c6	70308127-ea89-491d-8d7d-565a16180e07	be43b0d5-0add-4c40-a768-c25b14bda695	2026-01-15	ACTIVA
3f905f35-c62f-44c3-977e-5619ed1063c6	e5fa2302-b458-4420-91f1-db72e33e96f9	70308127-ea89-491d-8d7d-565a16180e07	be43b0d5-0add-4c40-a768-c25b14bda695	2026-01-15	ACTIVA
97bf3d49-5131-4618-8833-ce381683e3ac	7f76f2f0-f812-458c-9b06-de966bfc636c	70308127-ea89-491d-8d7d-565a16180e07	be43b0d5-0add-4c40-a768-c25b14bda695	2026-01-15	ACTIVA
f17c3ab0-86b1-496f-b9f1-d38e57b7bea4	859ad25b-6627-4d74-b67e-1850b471a623	70308127-ea89-491d-8d7d-565a16180e07	be43b0d5-0add-4c40-a768-c25b14bda695	2026-01-15	ACTIVA
cf746e81-ac87-41e3-a277-c716e90fd268	a5fa8d43-75e5-48a6-8d02-302784ebd610	70308127-ea89-491d-8d7d-565a16180e07	be43b0d5-0add-4c40-a768-c25b14bda695	2026-01-15	ACTIVA
908cb2bf-df60-40e6-aa57-4f5e9d197861	397763cf-2db3-4364-85f0-b61808395d02	70308127-ea89-491d-8d7d-565a16180e07	be43b0d5-0add-4c40-a768-c25b14bda695	2026-01-15	ACTIVA
3c140976-c64e-4816-b14e-182c81ab6e8f	10ead574-fee0-4947-bc49-22afcf499866	70308127-ea89-491d-8d7d-565a16180e07	be43b0d5-0add-4c40-a768-c25b14bda695	2026-01-15	ACTIVA
134876a5-168d-4f57-bcdd-7080d414a334	b08acf37-3ba1-4770-b6a0-64bc3ac6312d	4039f535-15ee-4996-9972-661e291c4a92	be43b0d5-0add-4c40-a768-c25b14bda695	2026-01-15	ACTIVA
122ecb94-d1fa-4f97-87dd-e4492a627770	ccc3c1f3-103d-4e78-84b3-a2ef8d9f75cf	4039f535-15ee-4996-9972-661e291c4a92	be43b0d5-0add-4c40-a768-c25b14bda695	2026-01-15	ACTIVA
a9fcfa15-27b6-4fbf-8b0a-6dc7c049033a	72579d48-0bff-420a-969c-2ad8d3f503c8	4039f535-15ee-4996-9972-661e291c4a92	be43b0d5-0add-4c40-a768-c25b14bda695	2026-01-15	ACTIVA
17e17f29-b1ff-4065-9165-22afe2f901b0	7e452652-994b-4357-ad3b-d07b47d8563e	4039f535-15ee-4996-9972-661e291c4a92	be43b0d5-0add-4c40-a768-c25b14bda695	2026-01-15	ACTIVA
181edf25-c91e-4af5-b1de-454f1e2d0bc3	19e0d101-6c17-4e3a-bdfa-7005d3316e44	4039f535-15ee-4996-9972-661e291c4a92	be43b0d5-0add-4c40-a768-c25b14bda695	2026-01-15	ACTIVA
69a89c99-a701-4a32-b28c-8b4cfa425406	5e3f2697-9fa5-4664-b93e-c3f584bc0a10	4039f535-15ee-4996-9972-661e291c4a92	be43b0d5-0add-4c40-a768-c25b14bda695	2026-01-15	ACTIVA
f5e54c21-281d-4322-95c5-c44bb637aabe	39a960ea-f252-4038-ad8e-a1e4aa2eee5f	4039f535-15ee-4996-9972-661e291c4a92	be43b0d5-0add-4c40-a768-c25b14bda695	2026-01-15	ACTIVA
b87c3e29-6790-41ba-aa0b-6b15aa696cdc	7a4e53ac-cc71-42ad-8329-56e4df84f447	4039f535-15ee-4996-9972-661e291c4a92	be43b0d5-0add-4c40-a768-c25b14bda695	2026-01-15	ACTIVA
091f5521-6056-4bd9-a07d-cf4e963d95c9	b1739233-bc48-4a37-8e78-9547b56c8ced	4039f535-15ee-4996-9972-661e291c4a92	be43b0d5-0add-4c40-a768-c25b14bda695	2026-01-15	ACTIVA
f83245fd-9d15-453b-96bf-f272f4cfd514	84e35c7d-b6b1-4d3d-93fc-f58eff972915	4039f535-15ee-4996-9972-661e291c4a92	be43b0d5-0add-4c40-a768-c25b14bda695	2026-01-15	ACTIVA
e0ebaa6a-330d-4bd8-abe1-8543dd961c0a	7a9e5bbb-55b6-4891-a66a-aad3e74301d3	4039f535-15ee-4996-9972-661e291c4a92	be43b0d5-0add-4c40-a768-c25b14bda695	2026-01-15	ACTIVA
\.


--
-- Data for Name: pagos; Type: TABLE DATA; Schema: public; Owner: postgres
--

COPY public.pagos (id, cargo_id, monto, fecha_pago, metodo_pago, numero_recibo, registrado_por_id, observaciones) FROM stdin;
\.


--
-- Data for Name: usuarios; Type: TABLE DATA; Schema: public; Owner: postgres
--

COPY public.usuarios (id, nombre_completo, email, password_hash, rol, telefono, activo, created_at, identificacion, asignatura) FROM stdin;
92c5120e-7583-4512-a984-1cdae3bd080c	Administrador	admin@bemantis.com	$2b$12$W7/2nA3wYQrhTxAIL.dorumaHmUc1S3rX5fSxoSfNiL8xiIBYzaSO	ADMIN	\N	t	2026-06-16 23:06:24.014954-06	\N	\N
9cfd1eb4-ee83-498c-9eb2-fb2171fd001d	Carlos Eduardo Vega Mora	carlos.mora1@colegio.edu	$2b$12$rAcPLgWM/F4WBQltwXLsk.bS6.Q1kU/P1yGdHnpoTo9xn8mpbPGq6	PROFESOR	80207556	t	2026-06-16 23:28:58.213913-06	\N	\N
ebaf21de-0dd2-4f8f-b0d0-a2fb9e37aba6	Laura Patricia Solís Brenes	laura.brenes2@colegio.edu	$2b$12$noHSfLUoI.JPH./OEI5ae.qpZjcyZQD.MssVr7bQPx.On1rgolY9C	PROFESOR	64036515	t	2026-06-16 23:28:58.41701-06	\N	\N
c9cbed41-814d-4cff-9e78-c6ed12c7f5fc	Andrés Felipe Quirós Ulate	andres.ulate3@colegio.edu	$2b$12$ksAyIXzVisCKelAn2XHWTusv5EsEStYWXhUs3eqwTp013jbVHXJS.	PROFESOR	68291074	t	2026-06-16 23:28:58.622643-06	\N	\N
2454e7ef-4466-4d99-91cc-4c79091e3851	María José Arias Benavides	maria.benavides4@colegio.edu	$2b$12$JIigpg9Q4m9SHSW0Imkxv.wiTqCgfb0V4FagOoq8fGjqa.lT02T3m	PROFESOR	83339578	t	2026-06-16 23:28:58.823247-06	\N	\N
fb0b3dbf-9bf3-4393-af2f-3d569e95bb7b	Roberto Alonso Coto Jiménez	roberto.jimenez5@colegio.edu	$2b$12$sht1AWiOZicVm/NIFEt9WuIDJhWeQyiqzAFFX3cUAYQQEn4a/465m	PROFESOR	63054459	t	2026-06-16 23:28:59.02059-06	\N	\N
52d3f77c-415d-4f31-a70a-745dcc846af3	Diana Marcela Rojas Vargas	diana.vargas6@colegio.edu	$2b$12$I0sShzafW1gYH48EGUhMq.PCc.70SYI.l2jLQD.Hz1juiL/mbKaue	PROFESOR	71403075	t	2026-06-16 23:28:59.217881-06	\N	\N
7242a50c-4120-44c0-9953-4905d3db4732	Mauricio Esteban Mora Blanco	mauricio.blanco7@colegio.edu	$2b$12$TeQr7p5nJoSjSpeQuBCIlOl/dmYfG3TffYh5eaTi5vVr3s2S5tJF6	PROFESOR	63287525	t	2026-06-16 23:28:59.414782-06	\N	\N
b9849dd7-2272-4458-88c1-40bb11710a0e	Silvia Elena Vindas Castro	silvia.castro8@colegio.edu	$2b$12$R3fbNAoKwUyIc/Tq2niZRuH63PNKIU2l8cJsuVapJRy55DMtOUtYy	PROFESOR	85792328	t	2026-06-16 23:28:59.612783-06	\N	\N
6ed0ff1f-0a88-4f1e-b954-fae1147210e6	Jorge Luis Porras Fallas	jorge.fallas9@colegio.edu	$2b$12$3ykNGgocYDvcVWW.GMynRu50Vbl1g7Zjqx2su4CVhJXi/uC57VR1G	PROFESOR	72872708	t	2026-06-16 23:28:59.811301-06	\N	\N
1f96988f-5b69-48c8-b43d-7b73e0c34ee4	Adriana Cecilia Mena Picado	adriana.picado10@colegio.edu	$2b$12$O9KmpJSCk5OO.oInn0EZMeYEQXRa9ALaJy5K7YpCvcxPITf5myqCS	PROFESOR	83760348	t	2026-06-16 23:29:00.009143-06	\N	\N
1191f8a4-973f-4d28-b503-f3eb9eabc7e4	Diego Armando Chaves Monge	diego.monge11@colegio.edu	$2b$12$2b1z42363fqV6BTDk1qQe.9Gm7kpEhr77fqTOiYZEanClhVGW1aiO	PROFESOR	65461036	t	2026-06-16 23:29:00.211341-06	\N	\N
3eac7016-98da-42ec-afe1-33621c92864f	Paola Vanessa Salas Núñez	paola.nunez12@colegio.edu	$2b$12$An/5wndnDLN4cxhkxpdXUeDY06gWrmJUQCMdQgM0YwqpmzC.TRGCS	PROFESOR	61134750	t	2026-06-16 23:29:00.411075-06	\N	\N
9efc5ce6-6f5d-4879-9999-b488c1653b3a	Gustavo Adolfo Méndez Ortiz	gustavo.ortiz13@colegio.edu	$2b$12$QjqiUXl9gJmmpWwLAFMvm.pPBlF6z52yFxDoB7dF70cXQv0Py4SeG	PROFESOR	62407313	t	2026-06-16 23:29:00.608132-06	\N	\N
c01b0d78-9a59-4417-8d94-d58ad47cada3	Carolina Isabel Chavarría Ruiz	carolina.ruiz14@colegio.edu	$2b$12$ZvcRy34ZJFqjub7Rb5G.IOMR/nIMYL.HLS2q7Ss43oNL1vTwRSMwG	PROFESOR	85339081	t	2026-06-16 23:29:00.807784-06	\N	\N
133e1599-a78f-466e-a813-30db19de68ca	Héctor Manuel Bolaños Segura	hector.segura15@colegio.edu	$2b$12$Kda5EMtZaJ3TzNr4me3.vOW6GgQgLlFKKHqbq85Lhj.aoNs3j8zUa	PROFESOR	75605674	t	2026-06-16 23:29:01.005857-06	\N	\N
56475235-23ca-4fa1-95cb-86ccc70f6d18	Stephanie Lorena Badilla Cruz	stephanie.cruz16@colegio.edu	$2b$12$ni17nidSqODMooTvNt.a3e/YUroUk3ZUtPnekra7rspWNkxa3grvu	PROFESOR	77290469	t	2026-06-16 23:29:01.203054-06	\N	\N
b603184c-4905-4380-a6c9-53600e92bb00	Fabián Rodrigo Calvo Zamora	fabian.zamora17@colegio.edu	$2b$12$A/BbxsoyfM4Fnu1.yc5r0evlD8oECaf0mEdqNEXd3u92znJk4A.LK	PROFESOR	74781789	t	2026-06-16 23:29:01.403013-06	\N	\N
2b96d6f0-198f-46a6-a460-0adec92d6920	Natalia Gabriela Espinoza Herrera	natalia.herrera18@colegio.edu	$2b$12$gukUaRrLnvgm11BSXwzGL.jil0LDstaq/zcbTSRHaoTRJhfILKCFa	PROFESOR	61131971	t	2026-06-16 23:29:01.600849-06	\N	\N
5ec417b9-edb2-4d65-afc2-2de814c9cf0f	Luis Ángel Umaña Córdoba	luis.cordoba19@colegio.edu	$2b$12$JymS3z/nANRisFJ3tnW6KeoKhWCSYzHWcRLYHY0zSj10Q0EEoyfLq	PROFESOR	87874674	t	2026-06-16 23:29:01.799253-06	\N	\N
5dc3aaa2-e335-4f39-b184-0166c605ac07	Mariela Fernanda Mora Jiménez	mariela.jimenez20@colegio.edu	$2b$12$xGuLc7eOMfgrivaOgBn12OYZ4scaRaVvXGf9KY8MFJbLpkMUOtr5u	PROFESOR	82506574	t	2026-06-16 23:29:01.996682-06	\N	\N
c697f0e8-b55e-4c98-a5b8-91fa8f138351	Alfredo Enrique Solano Araya	alfredo.araya21@colegio.edu	$2b$12$dus25tEjWH56sms1PLZZteJJHWrhd4D1reb/nv5bZ1WY4e827ikR6	PROFESOR	89305659	t	2026-06-16 23:29:02.195552-06	\N	\N
\.


--
-- Name: alembic_version alembic_version_pkc; Type: CONSTRAINT; Schema: public; Owner: postgres
--

ALTER TABLE ONLY public.alembic_version
    ADD CONSTRAINT alembic_version_pkc PRIMARY KEY (version_num);


--
-- Name: anios_escolares anios_escolares_nombre_key; Type: CONSTRAINT; Schema: public; Owner: postgres
--

ALTER TABLE ONLY public.anios_escolares
    ADD CONSTRAINT anios_escolares_nombre_key UNIQUE (nombre);


--
-- Name: anios_escolares anios_escolares_pkey; Type: CONSTRAINT; Schema: public; Owner: postgres
--

ALTER TABLE ONLY public.anios_escolares
    ADD CONSTRAINT anios_escolares_pkey PRIMARY KEY (id);


--
-- Name: cargos cargos_pkey; Type: CONSTRAINT; Schema: public; Owner: postgres
--

ALTER TABLE ONLY public.cargos
    ADD CONSTRAINT cargos_pkey PRIMARY KEY (id);


--
-- Name: estudiantes_acudientes estudiantes_acudientes_pkey; Type: CONSTRAINT; Schema: public; Owner: postgres
--

ALTER TABLE ONLY public.estudiantes_acudientes
    ADD CONSTRAINT estudiantes_acudientes_pkey PRIMARY KEY (id);


--
-- Name: estudiantes estudiantes_identificacion_key; Type: CONSTRAINT; Schema: public; Owner: postgres
--

ALTER TABLE ONLY public.estudiantes
    ADD CONSTRAINT estudiantes_identificacion_key UNIQUE (identificacion);


--
-- Name: estudiantes estudiantes_pkey; Type: CONSTRAINT; Schema: public; Owner: postgres
--

ALTER TABLE ONLY public.estudiantes
    ADD CONSTRAINT estudiantes_pkey PRIMARY KEY (id);


--
-- Name: grupos grupos_pkey; Type: CONSTRAINT; Schema: public; Owner: postgres
--

ALTER TABLE ONLY public.grupos
    ADD CONSTRAINT grupos_pkey PRIMARY KEY (id);


--
-- Name: matriculas matriculas_pkey; Type: CONSTRAINT; Schema: public; Owner: postgres
--

ALTER TABLE ONLY public.matriculas
    ADD CONSTRAINT matriculas_pkey PRIMARY KEY (id);


--
-- Name: pagos pagos_numero_recibo_key; Type: CONSTRAINT; Schema: public; Owner: postgres
--

ALTER TABLE ONLY public.pagos
    ADD CONSTRAINT pagos_numero_recibo_key UNIQUE (numero_recibo);


--
-- Name: pagos pagos_pkey; Type: CONSTRAINT; Schema: public; Owner: postgres
--

ALTER TABLE ONLY public.pagos
    ADD CONSTRAINT pagos_pkey PRIMARY KEY (id);


--
-- Name: estudiantes_acudientes uq_estudiante_acudiente; Type: CONSTRAINT; Schema: public; Owner: postgres
--

ALTER TABLE ONLY public.estudiantes_acudientes
    ADD CONSTRAINT uq_estudiante_acudiente UNIQUE (estudiante_id, acudiente_id);


--
-- Name: usuarios usuarios_identificacion_key; Type: CONSTRAINT; Schema: public; Owner: postgres
--

ALTER TABLE ONLY public.usuarios
    ADD CONSTRAINT usuarios_identificacion_key UNIQUE (identificacion);


--
-- Name: usuarios usuarios_pkey; Type: CONSTRAINT; Schema: public; Owner: postgres
--

ALTER TABLE ONLY public.usuarios
    ADD CONSTRAINT usuarios_pkey PRIMARY KEY (id);


--
-- Name: ix_usuarios_email; Type: INDEX; Schema: public; Owner: postgres
--

CREATE UNIQUE INDEX ix_usuarios_email ON public.usuarios USING btree (email);


--
-- Name: cargos cargos_anio_escolar_id_fkey; Type: FK CONSTRAINT; Schema: public; Owner: postgres
--

ALTER TABLE ONLY public.cargos
    ADD CONSTRAINT cargos_anio_escolar_id_fkey FOREIGN KEY (anio_escolar_id) REFERENCES public.anios_escolares(id);


--
-- Name: cargos cargos_estudiante_id_fkey; Type: FK CONSTRAINT; Schema: public; Owner: postgres
--

ALTER TABLE ONLY public.cargos
    ADD CONSTRAINT cargos_estudiante_id_fkey FOREIGN KEY (estudiante_id) REFERENCES public.estudiantes(id);


--
-- Name: estudiantes_acudientes estudiantes_acudientes_acudiente_id_fkey; Type: FK CONSTRAINT; Schema: public; Owner: postgres
--

ALTER TABLE ONLY public.estudiantes_acudientes
    ADD CONSTRAINT estudiantes_acudientes_acudiente_id_fkey FOREIGN KEY (acudiente_id) REFERENCES public.usuarios(id);


--
-- Name: estudiantes_acudientes estudiantes_acudientes_estudiante_id_fkey; Type: FK CONSTRAINT; Schema: public; Owner: postgres
--

ALTER TABLE ONLY public.estudiantes_acudientes
    ADD CONSTRAINT estudiantes_acudientes_estudiante_id_fkey FOREIGN KEY (estudiante_id) REFERENCES public.estudiantes(id);


--
-- Name: grupos grupos_anio_escolar_id_fkey; Type: FK CONSTRAINT; Schema: public; Owner: postgres
--

ALTER TABLE ONLY public.grupos
    ADD CONSTRAINT grupos_anio_escolar_id_fkey FOREIGN KEY (anio_escolar_id) REFERENCES public.anios_escolares(id);


--
-- Name: grupos grupos_profesor_guia_id_fkey; Type: FK CONSTRAINT; Schema: public; Owner: postgres
--

ALTER TABLE ONLY public.grupos
    ADD CONSTRAINT grupos_profesor_guia_id_fkey FOREIGN KEY (profesor_guia_id) REFERENCES public.usuarios(id);


--
-- Name: matriculas matriculas_anio_escolar_id_fkey; Type: FK CONSTRAINT; Schema: public; Owner: postgres
--

ALTER TABLE ONLY public.matriculas
    ADD CONSTRAINT matriculas_anio_escolar_id_fkey FOREIGN KEY (anio_escolar_id) REFERENCES public.anios_escolares(id);


--
-- Name: matriculas matriculas_estudiante_id_fkey; Type: FK CONSTRAINT; Schema: public; Owner: postgres
--

ALTER TABLE ONLY public.matriculas
    ADD CONSTRAINT matriculas_estudiante_id_fkey FOREIGN KEY (estudiante_id) REFERENCES public.estudiantes(id);


--
-- Name: matriculas matriculas_grupo_id_fkey; Type: FK CONSTRAINT; Schema: public; Owner: postgres
--

ALTER TABLE ONLY public.matriculas
    ADD CONSTRAINT matriculas_grupo_id_fkey FOREIGN KEY (grupo_id) REFERENCES public.grupos(id);


--
-- Name: pagos pagos_cargo_id_fkey; Type: FK CONSTRAINT; Schema: public; Owner: postgres
--

ALTER TABLE ONLY public.pagos
    ADD CONSTRAINT pagos_cargo_id_fkey FOREIGN KEY (cargo_id) REFERENCES public.cargos(id);


--
-- Name: pagos pagos_registrado_por_id_fkey; Type: FK CONSTRAINT; Schema: public; Owner: postgres
--

ALTER TABLE ONLY public.pagos
    ADD CONSTRAINT pagos_registrado_por_id_fkey FOREIGN KEY (registrado_por_id) REFERENCES public.usuarios(id);


--
-- PostgreSQL database dump complete
--

\unrestrict Nj63PYlomtL761evz7NPg9idMIanuzm4vOGttKnnzwa5kRpCtf173rIHcPwhmM3

